Categoria;Cargo;Vantagens;Descontos ;Líquido;;
EXTRA QUADRO;SERVIDOR COMISSIONADO;3130;161;2969;;
A DISPOSICAO;SERVIDOR PCR DISP.CAMARA;0;0;0;;
A DISPOSICAO;SERVIDOR PCR DISP.CAMARA;0;0;0;;
EXTRA QUADRO;SERVIDOR COMISSIONADO;6469;954;5515;;
A DISPOSICAO COMISSIONADO;SERVIDOR EMLURB DISP.CAMARA;894;141;753;;
EXTRA QUADRO;SERVIDOR COMISSIONADO;4189;332;3857;;
EXTRA QUADRO;SERVIDOR COMISSIONADO;2673;106;2566;;
EXTRA QUADRO;SERVIDOR COMISSIONADO;10016;1957;8059;;
VEREADORES;VEREADOR;14635;2988;11647;;
EXTRA QUADRO;SERVIDOR COMISSIONADO;3313;177;3136;;
ESTATUTARIOS;ASSESSOR EM TAQUIGRAFIA;17062;4749;12314;;
A DISPOSICAO COMISSIONADO;SERVIDOR PCR DISP.CAMARA;1062;22;1040;;
EXTRA QUADRO;SERVIDOR COMISSIONADO;5558;672;4886;;
EXTRA QUADRO;SERVIDOR COMISSIONADO;3362;182;3180;;
EXTRA QUADRO;SERVIDOR COMISSIONADO;7230;1191;6039;;
EXTRA QUADRO;SERVIDOR COMISSIONADO;8624;1522;7102;;
EXTRA QUADRO;SERVIDOR COMISSIONADO;6712;944;5767;;
EXTRA QUADRO;SERVIDOR COMISSIONADO;6197;870;5327;;
EXTRA QUADRO;SERVIDOR COMISSIONADO;5634;633;5001;;
VEREADORES;VEREADOR;14635;2884;11751;;
EXTRA QUADRO;SERVIDOR COMISSIONADO;14765;3263;11502;;
A DISPOSICAO COMISSIONADO;SERVIDOR PCR DISP.CAMARA;894;0;894;;
EXTRA QUADRO;SERVIDOR COMISSIONADO;3705;231;3474;;
EXTRA QUADRO;SERVIDOR COMISSIONADO;6712;1035;5676;;
VEREADORES;VEREADOR;14635;2988;11647;;
EXTRA QUADRO;SERVIDOR COMISSIONADO;8722;1601;7121;;
EXTRA QUADRO;SERVIDOR COMISSIONADO;3220;169;3051;;
EXTRA QUADRO;SERVIDOR COMISSIONADO;9260;1749;7511;;
ESTATUTARIOS;ASSISTEN ADMINIST. LEGISLATI;3880;23;3856;;
EXTRA QUADRO;SERVIDOR COMISSIONADO;11397;2337;9060;;
A DISPOSICAO COMISSIONADO;SERVIDOR PCR DISP.CAMARA;894;0;894;;
EXTRA QUADRO;SERVIDOR COMISSIONADO;25939;6284;19655;;
A DISPOSICAO;SERVIDOR URB DISP.CAMARA;0;0;0;;
EXTRA QUADRO;SERVIDOR COMISSIONADO;2673;106;2566;;
EXTRA QUADRO;SERVIDOR COMISSIONADO;8923;1656;7267;;
VEREADORES;VEREADOR;14635;2988;11647;;
EXTRA QUADRO;SERVIDOR COMISSIONADO;4191;361;3830;;
EXTRA QUADRO;SERVIDOR COMISSIONADO;3589;213;3377;;
A DISPOSICAO;SERVIDOR URB DISP.CAMARA;0;0;0;;
EXTRA QUADRO;SERVIDOR COMISSIONADO;8681;1590;7091;;
EXTRA QUADRO;SERVIDOR COMISSIONADO;7435;1247;6187;;
EXTRA QUADRO;SERVIDOR COMISSIONADO;8444;1473;6971;;
EXTRA QUADRO;SERVIDOR COMISSIONADO;14935;3258;11678;;
A DISPOSICAO;SERVIDOR PCR DISP.CAMARA;0;0;0;;
EXTRA QUADRO;SERVIDOR COMISSIONADO;13023;2732;10291;;
A DISPOSICAO;SERVIDOR PCR DISP.CAMARA;0;0;0;;
EXTRA QUADRO;SERVIDOR COMISSIONADO;8411;1516;6895;;
EXTRA QUADRO;SERVIDOR COMISSIONADO;13676;2963;10712;;
A DISPOSICAO;SERVIDOR EMPREL DISP.CAMARA;0;0;0;;
A DISPOSICAO;SERVIDOR URB DISP.CAMARA;0;0;0;;
VEREADORES;VEREADOR;14635;2936;11699;;
EXTRA QUADRO;SERVIDOR COMISSIONADO;8444;1473;6971;;
EXTRA QUADRO;SERVIDOR COMISSIONADO;6365;922;5443;;
EXTRA QUADRO;SERVIDOR COMISSIONADO;9387;1784;7603;;
EXTRA QUADRO;SERVIDOR COMISSIONADO;4527;406;4121;;
EXTRA QUADRO;SERVIDOR COMISSIONADO;6365;922;5443;;
EXTRA QUADRO;SERVIDOR COMISSIONADO;4430;389;4041;;
VEREADORES;VEREADOR;14635;2936;11699;;
EXTRA QUADRO;SERVIDOR COMISSIONADO;8168;1449;6719;;
EXTRA QUADRO;SERVIDOR COMISSIONADO;3913;0;3913;;
A DISPOSICAO COMISSIONADO;SERVIDOR PCR DISP.CAMARA;710;29;681;;
EXTRA QUADRO;SERVIDOR COMISSIONADO;11747;2329;9418;;
EXTRA QUADRO;SERVIDOR COMISSIONADO;4919;461;4458;;
EXTRA QUADRO;SERVIDOR COMISSIONADO;3220;169;3051;;
EXTRA QUADRO;SERVIDOR COMISSIONADO;11808;2398;9411;;
EXTRA QUADRO;SERVIDOR COMISSIONADO;16489;3737;12752;;
EXTRA QUADRO;SERVIDOR COMISSIONADO;9455;1646;7809;;
ESTATUTARIOS;ASSISTEN ADMINIST. LEGISLATI;3245;0;3245;;
VEREADORES;VEREADOR;14635;2988;11647;;
A DISPOSICAO COMISSIONADO;SERVIDOR PCR DISP.CAMARA;598;14;584;;
A DISPOSICAO COMISSIONADO;SERVIDOR URB DISP.CAMARA;650;0;650;;
EXTRA QUADRO;SERVIDOR COMISSIONADO;7085;1099;5986;;
EXTRA QUADRO;SERVIDOR COMISSIONADO;7532;1274;6258;;
EXTRA QUADRO;SERVIDOR COMISSIONADO;5416;637;4779;;
A DISPOSICAO COMISSIONADO;SERVIDOR EDUC PCR DISP.CAMAR;894;0;894;;
EXTRA QUADRO;SERVIDOR COMISSIONADO;5730;685;5045;;
A DISPOSICAO COMISSIONADO;SERVIDOR URB DISP.CAMARA;894;98;795;;
EXTRA QUADRO;SERVIDOR COMISSIONADO;4687;434;4253;;
EXTRA QUADRO;SERVIDOR COMISSIONADO;13819;2951;10868;;
EXTRA QUADRO;SERVIDOR COMISSIONADO;2673;106;2566;;
EXTRA QUADRO;SERVIDOR COMISSIONADO;9995;1951;8044;;
EXTRA QUADRO;SERVIDOR COMISSIONADO;3702;231;3471;;
EXTRA QUADRO;SERVIDOR COMISSIONADO;2326;76;2249;;
A DISPOSICAO;SERVIDOR URB DISP.CAMARA;0;0;0;;
A DISPOSICAO COMISSIONADO;SERVIDOR EMLURB DISP.CAMARA;3297;215;3082;;
A DISPOSICAO;SERVIDOR OUT PREFEITURAS CMR;0;0;0;;
A DISPOSICAO COMISSIONADO;SERVIDOR OUTROS ORGAOS DISP;6197;615;5582;;
A DISPOSICAO COMISSIONADO;SERVIDOR URB DISP.CAMARA;894;71;822;;
A DISPOSICAO COMISSIONADO;SERVIDOR EDUC PCR DISP.CAMAR;3171;234;2936;;
A DISPOSICAO COMISSIONADO;SERVIDOR EMLURB DISP.CAMARA;487;54;434;;
A DISPOSICAO COMISSIONADO;SERVIDOR PCR DISP.CAMARA;894;0;894;;
EXTRA QUADRO;SERVIDOR COMISSIONADO;3432;188;3244;;
EXTRA QUADRO;SERVIDOR COMISSIONADO;4479;412;4067;;
EXTRA QUADRO;SERVIDOR COMISSIONADO;4155;354;3801;;
VEREADORES;VEREADOR;14635;2936;11699;;
EXTRA QUADRO;SERVIDOR COMISSIONADO;8929;1658;7271;;
EXTRA QUADRO;SERVIDOR COMISSIONADO;8168;1449;6719;;
EXTRA QUADRO;SERVIDOR COMISSIONADO;16845;3835;13010;;
A DISPOSICAO COMISSIONADO;SERVIDOR PCR DISP.CAMARA;894;0;894;;
A DISPOSICAO;SERVIDOR URB DISP.CAMARA;0;0;0;;
EXTRA QUADRO;SERVIDOR COMISSIONADO;3804;232;3571;;
A DISPOSICAO COMISSIONADO;SERVIDOR EDUC PCR DISP.CAMAR;894;0;894;;
EXTRA QUADRO;SERVIDOR COMISSIONADO;3589;202;3387;;
EXTRA QUADRO;SERVIDOR COMISSIONADO;13236;2843;10394;;
EXTRA QUADRO;SERVIDOR COMISSIONADO;6197;870;5327;;
EXTRA QUADRO;SERVIDOR COMISSIONADO;6197;785;5412;;
EXTRA QUADRO;SERVIDOR COMISSIONADO;3313;177;3136;;
EXTRA QUADRO;SERVIDOR COMISSIONADO;7550;1227;6323;;
EXTRA QUADRO;SERVIDOR COMISSIONADO;17351;3974;13377;;
EXTRA QUADRO;SERVIDOR COMISSIONADO;8934;1555;7379;;
A DISPOSICAO;SERVIDOR URB DISP.CAMARA;0;0;0;;
EXTRA QUADRO;SERVIDOR COMISSIONADO;14096;3079;11017;;
ESTATUTARIOS;ASSESSOR EM TAQUIGRAFIA;21269;6252;15017;;
EXTRA QUADRO;SERVIDOR COMISSIONADO;10809;2123;8686;;
EXTRA QUADRO;SERVIDOR COMISSIONADO;3432;188;3244;;
EXTRA QUADRO;SERVIDOR COMISSIONADO;8444;1525;6919;;
VEREADORES;VEREADOR;14635;2884;11751;;
A DISPOSICAO;SERVIDOR PCR DISP.CAMARA;0;0;0;;
EXTRA QUADRO;SERVIDOR COMISSIONADO;3970;259;3712;;
EXTRA QUADRO;SERVIDOR COMISSIONADO;10110;1983;8127;;
EXTRA QUADRO;SERVIDOR COMISSIONADO;12753;2710;10043;;
ESTATUTARIOS;ARQUITETO;6091;295;5796;;
EXTRA QUADRO;SERVIDOR COMISSIONADO;5639;635;5005;;
A DISPOSICAO;SERVIDOR PCR DISP.CAMARA;0;0;0;;
EXTRA QUADRO;SERVIDOR COMISSIONADO;3432;188;3244;;
ESTATUTARIOS;CONSULTOR LEGISLATIVO;10555;1339;9216;;
EXTRA QUADRO;SERVIDOR COMISSIONADO;8444;1525;6919;;
A DISPOSICAO COMISSIONADO;SERVIDOR URB DISP.CAMARA;274;0;274;;
A DISPOSICAO COMISSIONADO;SERVIDOR PCR DISP.CAMARA;894;0;894;;
EXTRA QUADRO;SERVIDOR COMISSIONADO;3494;194;3301;;
A DISPOSICAO COMISSIONADO;SERVIDOR URB DISP.CAMARA;894;71;822;;
A DISPOSICAO COMISSIONADO;SERVIDOR URB DISP.CAMARA;487;0;487;;
A DISPOSICAO COMISSIONADO;SERVIDOR EMLURB DISP.CAMARA;1192;137;1054;;
A DISPOSICAO COMISSIONADO;SERVIDOR PCR DISP.CAMARA;539;7;532;;
EXTRA QUADRO;SERVIDOR COMISSIONADO;13680;2965;10715;;
EXTRA QUADRO;SERVIDOR COMISSIONADO;9984;1948;8036;;
EXTRA QUADRO;SERVIDOR COMISSIONADO;12862;2740;10122;;
VEREADORES;VEREADOR;14635;2884;11751;;
A DISPOSICAO COMISSIONADO;SERVIDOR PCR DISP.CAMARA;487;0;487;;
EXTRA QUADRO;SERVIDOR COMISSIONADO;8411;1463;6947;;
EXTRA QUADRO;SERVIDOR COMISSIONADO;5920;784;5136;;
EXTRA QUADRO;SERVIDOR COMISSIONADO;3823;250;3573;;
EXTRA QUADRO;SERVIDOR COMISSIONADO;5678;672;5005;;
A DISPOSICAO COMISSIONADO;SERVIDOR URB DISP.CAMARA;894;71;822;;
EXTRA QUADRO;SERVIDOR COMISSIONADO;3432;188;3244;;
A DISPOSICAO COMISSIONADO;SERVIDOR EMLURB DISP.CAMARA;894;0;894;;
EXTRA QUADRO;SERVIDOR COMISSIONADO;4687;460;4227;;
EXTRA QUADRO;SERVIDOR COMISSIONADO;8848;1636;7212;;
A DISPOSICAO COMISSIONADO;SERVIDOR EMLURB DISP.CAMARA;487;0;487;;
A DISPOSICAO;SERVIDOR PCR DISP.CAMARA;0;0;0;;
A DISPOSICAO COMISSIONADO;SERVIDOR PCR DISP.CAMARA;3601;290;3311;;
EXTRA QUADRO;SERVIDOR COMISSIONADO;4967;471;4496;;
VEREADORES;VEREADOR;14635;2936;11699;;
EXTRA QUADRO;SERVIDOR COMISSIONADO;19466;4556;14910;;
EXTRA QUADRO;SERVIDOR COMISSIONADO;3432;188;3244;;
A DISPOSICAO;SERVIDOR PCR DISP.CAMARA;0;0;0;;
EXTRA QUADRO;SERVIDOR COMISSIONADO;12328;2593;9735;;
EXTRA QUADRO;SERVIDOR COMISSIONADO;3313;177;3136;;
EXTRA QUADRO;SERVIDOR COMISSIONADO;2673;106;2566;;
EXTRA QUADRO;SERVIDOR COMISSIONADO;10378;2056;8321;;
EXTRA QUADRO;SERVIDOR COMISSIONADO;5304;610;4694;;
A DISPOSICAO COMISSIONADO;SERVIDOR EMLURB DISP.CAMARA;1192;98;1093;;
VEREADORES;VEREADOR;14635;3077;11558;;
EXTRA QUADRO;SERVIDOR COMISSIONADO;9900;1925;7975;;
EXTRA QUADRO;SERVIDOR COMISSIONADO;8624;1574;7050;;
EXTRA QUADRO;SERVIDOR COMISSIONADO;13824;3004;10820;;
EXTRA QUADRO;SERVIDOR COMISSIONADO;14110;3083;11027;;
EXTRA QUADRO;SERVIDOR COMISSIONADO;12732;2704;10028;;
EXTRA QUADRO;SERVIDOR COMISSIONADO;3130;161;2969;;
EXTRA QUADRO;SERVIDOR COMISSIONADO;9595;1841;7754;;
EXTRA QUADRO;SERVIDOR COMISSIONADO;3130;161;2969;;
EXTRA QUADRO;SERVIDOR COMISSIONADO;5048;548;4500;;
ESTATUTARIOS;ASSISTEN ADMINIST. LEGISLATI;3245;0;3245;;
EXTRA QUADRO;SERVIDOR COMISSIONADO;10426;2018;8408;;
EXTRA QUADRO;SERVIDOR COMISSIONADO;9517;1768;7749;;
EXTRA QUADRO;SERVIDOR COMISSIONADO;3130;161;2969;;
EXTRA QUADRO;SERVIDOR COMISSIONADO;11842;2459;9383;;
EXTRA QUADRO;SERVIDOR COMISSIONADO;11738;2431;9307;;
EXTRA QUADRO;SERVIDOR COMISSIONADO;3799;246;3553;;
ESTATUTARIOS;ASSISTEN ADMINIST. LEGISLATI;3245;0;3245;;
EXTRA QUADRO;SERVIDOR COMISSIONADO;8444;1525;6919;;
EXTRA QUADRO;SERVIDOR COMISSIONADO;10353;2050;8303;;
EXTRA QUADRO;SERVIDOR COMISSIONADO;9455;1803;7652;;
EXTRA QUADRO;SERVIDOR COMISSIONADO;7103;1052;6052;;
VEREADORES;VEREADOR;14635;2988;11647;;
A DISPOSICAO COMISSIONADO;SERVIDOR CSURB DIS.CAMARA;894;71;822;;
A DISPOSICAO COMISSIONADO;SERVIDOR PCR DISP.CAMARA;894;0;894;;
EXTRA QUADRO;SERVIDOR COMISSIONADO;3313;177;3136;;
EXTRA QUADRO;SERVIDOR COMISSIONADO;9746;1883;7864;;
EXTRA QUADRO;SERVIDOR COMISSIONADO;9105;1602;7503;;
ESTATUTARIOS;ASSESSOR JURIDICO;14116;1525;12591;;
A DISPOSICAO COMISSIONADO;SERVIDOR PCR DISP.CAMARA;650;0;650;;
EXTRA QUADRO;SERVIDOR COMISSIONADO;3313;177;3136;;
EXTRA QUADRO;SERVIDOR COMISSIONADO;8106;1432;6674;;
EXTRA QUADRO;SERVIDOR COMISSIONADO;6833;982;5851;;
EXTRA QUADRO;SERVIDOR COMISSIONADO;3590;202;3388;;
A DISPOSICAO;SERVIDOR PCR DISP.CAMARA;0;0;0;;
ESTATUTARIOS;ASSISTEN ADMINIST. LEGISLATI;3245;0;3245;;
EXTRA QUADRO;SERVIDOR COMISSIONADO;12052;2517;9535;;
EXTRA QUADRO;SERVIDOR COMISSIONADO;10488;2087;8401;;
A DISPOSICAO;SERVIDOR PCR DISP.CAMARA;0;0;0;;
EXTRA QUADRO;SERVIDOR COMISSIONADO;5110;563;4547;;
EXTRA QUADRO;SERVIDOR COMISSIONADO;8168;1397;6771;;
A DISPOSICAO;SERVIDOR URB DISP.CAMARA;0;0;0;;
EXTRA QUADRO;SERVIDOR COMISSIONADO;6771;1056;5715;;
A DISPOSICAO COMISSIONADO;SERVIDOR PCR DISP.CAMARA;894;0;894;;
EXTRA QUADRO;SERVIDOR COMISSIONADO;2939;128;2811;;
EXTRA QUADRO;SERVIDOR COMISSIONADO;4338;387;3952;;
EXTRA QUADRO;SERVIDOR COMISSIONADO;5143;571;4572;;
ESTATUTARIOS;CONSULTOR LEGISLATIVO;10555;1235;9320;;
EXTRA QUADRO;SERVIDOR COMISSIONADO;4687;460;4227;;
EXTRA QUADRO;SERVIDOR COMISSIONADO;6197;870;5327;;
EXTRA QUADRO;SERVIDOR COMISSIONADO;6502;965;5537;;
A DISPOSICAO COMISSIONADO;SERVIDOR PCR DISP.CAMARA;894;0;894;;
EXTRA QUADRO;SERVIDOR COMISSIONADO;2673;106;2566;;
EXTRA QUADRO;SERVIDOR COMISSIONADO;12807;2620;10187;;
ESTATUTARIOS;ASSESSOR JURIDICO;11329;1525;9804;;
EXTRA QUADRO;SERVIDOR COMISSIONADO;5265;600;4665;;
EXTRA QUADRO;SERVIDOR COMISSIONADO;8168;1449;6719;;
EXTRA QUADRO;SERVIDOR COMISSIONADO;3432;188;3244;;
EXTRA QUADRO;SERVIDOR COMISSIONADO;7085;1099;5986;;
A DISPOSICAO COMISSIONADO;SERVIDOR EMLURB DISP.CAMARA;894;98;795;;
EXTRA QUADRO;SERVIDOR COMISSIONADO;10407;2064;8342;;
A DISPOSICAO COMISSIONADO;SERVIDOR URB DISP.CAMARA;894;71;822;;
EXTRA QUADRO;SERVIDOR COMISSIONADO;7831;1356;6475;;
EXTRA QUADRO;SERVIDOR COMISSIONADO;9941;1936;8004;;
A DISPOSICAO COMISSIONADO;SERVIDOR PCR DISP.CAMARA;5786;1198;4588;;
EXTRA QUADRO;SERVIDOR COMISSIONADO;7945;1335;6609;;
EXTRA QUADRO;SERVIDOR COMISSIONADO;13719;2975;10744;;
A DISPOSICAO COMISSIONADO;SERVIDOR PCR DISP.CAMARA;894;0;894;;
A DISPOSICAO COMISSIONADO;SERVIDOR PCR DISP.CAMARA;1192;0;1192;;
A DISPOSICAO;SERVIDOR PCR DISP.CAMARA;0;0;0;;
EXTRA QUADRO;SERVIDOR COMISSIONADO;7022;1029;5993;;
EXTRA QUADRO;SERVIDOR COMISSIONADO;12368;2604;9764;;
EXTRA QUADRO;SERVIDOR COMISSIONADO;11882;2470;9412;;
EXTRA QUADRO;SERVIDOR COMISSIONADO;6553;980;5572;;
EXTRA QUADRO;SERVIDOR COMISSIONADO;8168;1345;6824;;
VEREADORES;VEREADOR;14635;2884;11751;;
EXTRA QUADRO;SERVIDOR COMISSIONADO;11110;2258;8852;;
A DISPOSICAO COMISSIONADO;SERVIDOR OUT PREFEITURAS CMR;4687;147;4540;;
ESTATUTARIOS;MEDICO;11531;1469;10062;;
A DISPOSICAO COMISSIONADO;SERVIDOR EMPREL DISP.CAMARA;894;0;894;;
ESTATUTARIOS;ASSISTEN ADMINIST. LEGISLATI;3880;23;3856;;
ESTATUTARIOS;ASSISTEN ADMINIST. LEGISLATI;3245;0;3245;;
EXTRA QUADRO;SERVIDOR COMISSIONADO;3432;188;3244;;
EXTRA QUADRO;SERVIDOR COMISSIONADO;6197;870;5327;;
EXTRA QUADRO;SERVIDOR COMISSIONADO;9415;1792;7623;;
EXTRA QUADRO;SERVIDOR COMISSIONADO;4795;486;4309;;
ESTATUTARIOS;ASSISTEN ADMINIST. LEGISLATI;3245;0;3245;;
EXTRA QUADRO;SERVIDOR COMISSIONADO;4867;503;4364;;
ESTATUTARIOS;CONSULTOR LEGISLATIVO;10555;1339;9216;;
EXTRA QUADRO;SERVIDOR COMISSIONADO;3130;161;2969;;
A DISPOSICAO COMISSIONADO;SERVIDOR EMLURB DISP.CAMARA;650;72;578;;
EXTRA QUADRO;SERVIDOR COMISSIONADO;18193;4206;13988;;
EXTRA QUADRO;SERVIDOR COMISSIONADO;18193;4206;13988;;
VEREADORES;VEREADOR;14635;2884;11751;;
ESTATUTARIOS;ASSESSOR JURIDICO;11329;1525;9804;;
ESTATUTARIOS;ANALISTA DE SISTEMAS;6739;380;6359;;
EXTRA QUADRO;SERVIDOR COMISSIONADO;4770;451;4319;;
EXTRA QUADRO;SERVIDOR COMISSIONADO;8142;1442;6700;;
EXTRA QUADRO;SERVIDOR COMISSIONADO;5205;586;4619;;
EXTRA QUADRO;SERVIDOR COMISSIONADO;2673;106;2566;;
EXTRA QUADRO;SERVIDOR COMISSIONADO;6246;885;5361;;
EXTRA QUADRO;SERVIDOR COMISSIONADO;3432;169;3263;;
EXTRA QUADRO;SERVIDOR COMISSIONADO;7969;1394;6575;;
ESTATUTARIOS;ASSISTEN ADMINIST. LEGISLATI;3245;0;3245;;
EXTRA QUADRO;SERVIDOR COMISSIONADO;6712;1035;5676;;
EXTRA QUADRO;SERVIDOR COMISSIONADO;4788;484;4304;;
ESTATUTARIOS;ASSISTEN ADMINIST. LEGISLATI;3245;0;3245;;
EXTRA QUADRO;SERVIDOR COMISSIONADO;6712;1035;5676;;
EXTRA QUADRO;SERVIDOR COMISSIONADO;11322;2316;9006;;
ESTATUTARIOS;ASSESSOR EM TAQUIGRAFIA;16294;4474;11820;;
EXTRA QUADRO;SERVIDOR COMISSIONADO;9552;1725;7827;;
EXTRA QUADRO;SERVIDOR COMISSIONADO;7716;1324;6391;;
EXTRA QUADRO;SERVIDOR COMISSIONADO;10081;1975;8106;;
EXTRA QUADRO;SERVIDOR COMISSIONADO;8848;1636;7212;;
A DISPOSICAO;SERVIDOR PCR DISP.CAMARA;0;0;0;;
EXTRA QUADRO;SERVIDOR COMISSIONADO;9995;1847;8148;;
A DISPOSICAO;SERVIDOR PCR DISP.CAMARA;0;0;0;;
A DISPOSICAO COMISSIONADO;SERVIDOR PCR DISP.CAMARA;894;0;894;;
EXTRA QUADRO;SERVIDOR COMISSIONADO;5024;542;4482;;
EXTRA QUADRO;SERVIDOR COMISSIONADO;6635;0;6635;;
EXTRA QUADRO;SERVIDOR COMISSIONADO;7959;1391;6567;;
EXTRA QUADRO;SERVIDOR COMISSIONADO;4129;350;3779;;
EXTRA QUADRO;SERVIDOR COMISSIONADO;6226;879;5347;;
A DISPOSICAO;SERVIDOR EDUC PCR DISP.CAMAR;0;0;0;;
EXTRA QUADRO;SERVIDOR COMISSIONADO;11537;2375;9162;;
EXTRA QUADRO;SERVIDOR COMISSIONADO;8144;1442;6702;;
A DISPOSICAO;SERVIDOR PCR DISP.CAMARA;0;0;0;;
EXTRA QUADRO;SERVIDOR COMISSIONADO;2673;106;2566;;
EXTRA QUADRO;SERVIDOR COMISSIONADO;7959;1391;6567;;
A DISPOSICAO COMISSIONADO;SERVIDOR PCR DISP.CAMARA;650;0;650;;
EXTRA QUADRO;SERVIDOR COMISSIONADO;15461;3454;12006;;
A DISPOSICAO COMISSIONADO;SERVIDOR PCR DISP.CAMARA;894;0;894;;
EXTRA QUADRO;SERVIDOR COMISSIONADO;3313;177;3136;;
EXTRA QUADRO;SERVIDOR COMISSIONADO;11066;1985;9081;;
A DISPOSICAO;SERVIDOR PCR DISP.CAMARA;0;0;0;;
EXTRA QUADRO;SERVIDOR COMISSIONADO;3432;188;3244;;
EXTRA QUADRO;SERVIDOR COMISSIONADO;3750;238;3512;;
A DISPOSICAO COMISSIONADO;SERVIDOR PCR DISP.CAMARA;650;0;650;;
EXTRA QUADRO;SERVIDOR COMISSIONADO;7294;1209;6086;;
ESTATUTARIOS;ENGENHEIRO OU ARQUITETO;8481;842;7639;;
EXTRA QUADRO;SERVIDOR COMISSIONADO;7246;1195;6051;;
EXTRA QUADRO;SERVIDOR COMISSIONADO;18463;4280;14183;;
VEREADORES;VEREADOR;14635;2988;11647;;
EXTRA QUADRO;SERVIDOR COMISSIONADO;7513;1269;6245;;
A DISPOSICAO COMISSIONADO;SERVIDOR PCR DISP.CAMARA;650;0;650;;
EXTRA QUADRO;SERVIDOR COMISSIONADO;9455;1698;7757;;
EXTRA QUADRO;SERVIDOR COMISSIONADO;13984;2996;10988;;
EXTRA QUADRO;SERVIDOR COMISSIONADO;10426;2018;8408;;
EXTRA QUADRO;SERVIDOR COMISSIONADO;8624;1574;7050;;
EXTRA QUADRO;SERVIDOR COMISSIONADO;3362;182;3180;;
VEREADORES;VEREADOR;14635;2832;11803;;
EXTRA QUADRO;SERVIDOR COMISSIONADO;8168;1449;6719;;
EXTRA QUADRO;SERVIDOR COMISSIONADO;4693;421;4272;;
A DISPOSICAO COMISSIONADO;SERVIDOR PCR DISP.CAMARA;487;0;487;;
EXTRA QUADRO;SERVIDOR COMISSIONADO;5524;607;4917;;
EXTRA QUADRO;SERVIDOR COMISSIONADO;6197;785;5412;;
A DISPOSICAO COMISSIONADO;SERVIDOR PCR DISP.CAMARA;894;0;894;;
ESTATUTARIOS;LINGUISTA OU FILOLOGO;6080;293;5787;;
A DISPOSICAO COMISSIONADO;SERVIDOR PCR DISP.CAMARA;894;0;894;;
EXTRA QUADRO;SERVIDOR COMISSIONADO;9136;1715;7421;;
EXTRA QUADRO;SERVIDOR COMISSIONADO;11052;2242;8810;;
EXTRA QUADRO;SERVIDOR COMISSIONADO;12159;2494;9665;;
EXTRA QUADRO;SERVIDOR COMISSIONADO;7473;1153;6320;;
A DISPOSICAO;SERVIDOR PCR DISP.CAMARA;0;0;0;;
EXTRA QUADRO;SERVIDOR COMISSIONADO;10669;2137;8532;;
EXTRA QUADRO;SERVIDOR COMISSIONADO;4198;334;3865;;
A DISPOSICAO COMISSIONADO;SERVIDOR EMPREL DISP.CAMARA;650;52;598;;
A DISPOSICAO COMISSIONADO;SERVIDOR PCR DISP.CAMARA;894;0;894;;
EXTRA QUADRO;SERVIDOR COMISSIONADO;3313;177;3136;;
EXTRA QUADRO;SERVIDOR COMISSIONADO;4687;460;4227;;
EXTRA QUADRO;SERVIDOR COMISSIONADO;5726;724;5002;;
EXTRA QUADRO;SERVIDOR COMISSIONADO;11397;2337;9060;;
EXTRA QUADRO;SERVIDOR COMISSIONADO;19790;4645;15145;;
A DISPOSICAO COMISSIONADO;SERVIDOR PCR DISP.CAMARA;10279;2324;7954;;
A DISPOSICAO;SERVIDOR OUT PREFEITURAS CMR;0;0;0;;
EXTRA QUADRO;SERVIDOR COMISSIONADO;8018;1407;6610;;
A DISPOSICAO COMISSIONADO;SERVIDOR PCR DISP.CAMARA;1083;22;1062;;
EXTRA QUADRO;SERVIDOR COMISSIONADO;3130;161;2969;;
EXTRA QUADRO;SERVIDOR COMISSIONADO;2554;0;2554;;
A DISPOSICAO;SERVIDOR EMLURB DISP.CAMARA;0;0;0;;
A DISPOSICAO COMISSIONADO;SERVIDOR EDUC PCR DISP.CAMAR;650;0;650;;
EXTRA QUADRO;SERVIDOR COMISSIONADO;5104;533;4571;;
EXTRA QUADRO;SERVIDOR COMISSIONADO;2673;106;2566;;
EXTRA QUADRO;SERVIDOR COMISSIONADO;5871;691;5180;;
A DISPOSICAO COMISSIONADO;SERVIDOR PCR DISP.CAMARA;894;0;894;;
EXTRA QUADRO;SERVIDOR COMISSIONADO;8654;1582;7071;;
EXTRA QUADRO;SERVIDOR COMISSIONADO;2673;106;2566;;
EXTRA QUADRO;SERVIDOR COMISSIONADO;8929;1658;7271;;
EXTRA QUADRO;SERVIDOR COMISSIONADO;9110;1708;7402;;
EXTRA QUADRO;SERVIDOR COMISSIONADO;7935;1385;6550;;
EXTRA QUADRO;SERVIDOR COMISSIONADO;6809;1070;5739;;
EXTRA QUADRO;SERVIDOR COMISSIONADO;3432;188;3244;;
A DISPOSICAO COMISSIONADO;SERVIDOR PCR DISP.CAMARA;650;0;650;;
EXTRA QUADRO;SERVIDOR COMISSIONADO;8168;1449;6719;;
EXTRA QUADRO;SERVIDOR COMISSIONADO;6760;1053;5708;;
EXTRA QUADRO;SERVIDOR COMISSIONADO;3432;188;3244;;
EXTRA QUADRO;SERVIDOR COMISSIONADO;9110;1708;7402;;
EXTRA QUADRO;SERVIDOR COMISSIONADO;6246;885;5361;;
EXTRA QUADRO;SERVIDOR COMISSIONADO;6770;962;5807;;
EXTRA QUADRO;SERVIDOR COMISSIONADO;4547;426;4122;;
EXTRA QUADRO;SERVIDOR COMISSIONADO;12807;2724;10082;;
EXTRA QUADRO;SERVIDOR COMISSIONADO;4694;421;4273;;
EXTRA QUADRO;SERVIDOR COMISSIONADO;4736;443;4293;;
EXTRA QUADRO;SERVIDOR COMISSIONADO;2296;76;2220;;
A DISPOSICAO COMISSIONADO;SERVIDOR EMLURB DISP.CAMARA;650;52;598;;
EXTRA QUADRO;SERVIDOR COMISSIONADO;4284;349;3936;;
EXTRA QUADRO;SERVIDOR COMISSIONADO;2296;76;2220;;
EXTRA QUADRO;SERVIDOR COMISSIONADO;3432;188;3244;;
EXTRA QUADRO;SERVIDOR COMISSIONADO;4687;420;4267;;
EXTRA QUADRO;SERVIDOR COMISSIONADO;6105;842;5264;;
EXTRA QUADRO;SERVIDOR COMISSIONADO;6197;870;5327;;
EXTRA QUADRO;SERVIDOR COMISSIONADO;9401;1788;7613;;
ESTATUTARIOS;ASSISTEN ADMINIST. LEGISLATI;3245;0;3245;;
A DISPOSICAO COMISSIONADO;SERVIDOR PCR DISP.CAMARA;894;0;894;;
ESTATUTARIOS;ARQUIVISTA;4542;52;4490;;
ESTATUTARIOS;ASSISTEN ADMINIST. LEGISLATI;3245;0;3245;;
EXTRA QUADRO;SERVIDOR COMISSIONADO;3313;177;3136;;
EXTRA QUADRO;SERVIDOR COMISSIONADO;7873;0;7873;;
EXTRA QUADRO;SERVIDOR COMISSIONADO;5731;725;5006;;
EXTRA QUADRO;SERVIDOR COMISSIONADO;13400;2888;10513;;
EXTRA QUADRO;SERVIDOR COMISSIONADO;5061;551;4510;;
EXTRA QUADRO;SERVIDOR COMISSIONADO;6365;922;5443;;
EXTRA QUADRO;SERVIDOR COMISSIONADO;7925;1382;6543;;
EXTRA QUADRO;SERVIDOR COMISSIONADO;3970;273;3697;;
EXTRA QUADRO;SERVIDOR COMISSIONADO;9472;1808;7665;;
EXTRA QUADRO;SERVIDOR COMISSIONADO;8168;1449;6719;;
EXTRA QUADRO;SERVIDOR COMISSIONADO;7297;1209;6088;;
A DISPOSICAO COMISSIONADO;SERVIDOR CTTU DISP.CAMARA;650;58;591;;
EXTRA QUADRO;SERVIDOR COMISSIONADO;6197;870;5327;;
EXTRA QUADRO;SERVIDOR COMISSIONADO;11543;2377;9166;;
EXTRA QUADRO;SERVIDOR COMISSIONADO;7513;1269;6245;;
EXTRA QUADRO;SERVIDOR COMISSIONADO;20761;4912;15849;;
A DISPOSICAO COMISSIONADO;SERVIDOR PCR DISP.CAMARA;894;0;894;;
EXTRA QUADRO;SERVIDOR COMISSIONADO;8201;1406;6795;;
EXTRA QUADRO;SERVIDOR COMISSIONADO;15300;3306;11994;;
EXTRA QUADRO;SERVIDOR COMISSIONADO;3432;188;3244;;
EXTRA QUADRO;SERVIDOR COMISSIONADO;11343;1921;9422;;
ESTATUTARIOS;ASSISTEN ADMINIST. LEGISLATI;3245;0;3245;;
A DISPOSICAO;SERVIDOR EDUC PCR DISP.CAMAR;0;0;0;;
A DISPOSICAO;SERVIDOR PCR DISP.CAMARA;0;0;0;;
EXTRA QUADRO;SERVIDOR COMISSIONADO;8687;1591;7095;;
EXTRA QUADRO;SERVIDOR COMISSIONADO;11882;2470;9412;;
EXTRA QUADRO;SERVIDOR COMISSIONADO;12853;2737;10116;;
EXTRA QUADRO;SERVIDOR COMISSIONADO;4657;400;4257;;
EXTRA QUADRO;SERVIDOR COMISSIONADO;9110;1708;7402;;
EXTRA QUADRO;SERVIDOR COMISSIONADO;5205;586;4619;;
EXTRA QUADRO;SERVIDOR COMISSIONADO;9415;1792;7623;;
EXTRA QUADRO;SERVIDOR COMISSIONADO;5724;684;5040;;
EXTRA QUADRO;SERVIDOR COMISSIONADO;3589;213;3377;;
A DISPOSICAO COMISSIONADO;SERVIDOR URB DISP.CAMARA;1062;99;963;;
ESTATUTARIOS;ASSISTEN ADMINIST. LEGISLATI;3245;0;3245;;
A DISPOSICAO;SERVIDOR PCR DISP.CAMARA;0;0;0;;
A DISPOSICAO COMISSIONADO;SERVIDOR PCR DISP.CAMARA;894;0;894;;
EXTRA QUADRO;SERVIDOR COMISSIONADO;6226;836;5390;;
VEREADORES;VEREADOR;14635;2918;11717;;
A DISPOSICAO COMISSIONADO;SERVIDOR EDUC PCR DISP.CAMAR;894;0;894;;
EXTRA QUADRO;SERVIDOR COMISSIONADO;3220;169;3051;;
EXTRA QUADRO;SERVIDOR COMISSIONADO;8881;1645;7236;;
VEREADORES;VEREADOR;14635;2832;11803;;
EXTRA QUADRO;SERVIDOR COMISSIONADO;5064;523;4541;;
EXTRA QUADRO;SERVIDOR COMISSIONADO;3313;177;3136;;
EXTRA QUADRO;SERVIDOR COMISSIONADO;3432;188;3244;;
EXTRA QUADRO;SERVIDOR COMISSIONADO;3567;200;3367;;
EXTRA QUADRO;SERVIDOR COMISSIONADO;5921;0;5921;;
EXTRA QUADRO;SERVIDOR COMISSIONADO;3432;188;3244;;
EXTRA QUADRO;SERVIDOR COMISSIONADO;4940;521;4419;;
EXTRA QUADRO;SERVIDOR COMISSIONADO;11397;2337;9060;;
ESTATUTARIOS;GESTOR CONTR. INTERNO LEGISL;7791;677;7115;;
EXTRA QUADRO;SERVIDOR COMISSIONADO;3432;188;3244;;
EXTRA QUADRO;SERVIDOR COMISSIONADO;2673;106;2566;;
EXTRA QUADRO;SERVIDOR COMISSIONADO;3130;161;2969;;
EXTRA QUADRO;SERVIDOR COMISSIONADO;11154;2270;8884;;
A DISPOSICAO;SERVIDOR URB DISP.CAMARA;0;0;0;;
EXTRA QUADRO;SERVIDOR COMISSIONADO;3313;177;3136;;
A DISPOSICAO;SERVIDOR URB DISP.CAMARA;0;0;0;;
EXTRA QUADRO;SERVIDOR COMISSIONADO;5047;547;4499;;
EXTRA QUADRO;SERVIDOR COMISSIONADO;4687;460;4227;;
EXTRA QUADRO;SERVIDOR COMISSIONADO;12111;2533;9578;;
EXTRA QUADRO;SERVIDOR COMISSIONADO;7731;1329;6402;;
EXTRA QUADRO;SERVIDOR COMISSIONADO;9278;1754;7524;;
A DISPOSICAO;SERVIDOR PCR DISP.CAMARA;0;0;0;;
VEREADORES;VEREADOR;14635;2988;11647;;
EXTRA QUADRO;SERVIDOR COMISSIONADO;11154;2270;8884;;
A DISPOSICAO;SERVIDOR PCR DISP.CAMARA;0;0;0;;
A DISPOSICAO COMISSIONADO;SERVIDOR PCR DISP.CAMARA;894;0;894;;
A DISPOSICAO COMISSIONADO;SERVIDOR PCR DISP.CAMARA;487;0;487;;
EXTRA QUADRO;SERVIDOR COMISSIONADO;3432;188;3244;;
EXTRA QUADRO;SERVIDOR COMISSIONADO;6496;963;5533;;
EXTRA QUADRO;SERVIDOR COMISSIONADO;2296;76;2220;;
EXTRA QUADRO;SERVIDOR COMISSIONADO;8624;1574;7050;;
ESTATUTARIOS;ASSESSOR EM TAQUIGRAFIA;16287;4472;11815;;
A DISPOSICAO;SERVIDOR PCR DISP.CAMARA;0;0;0;;
A DISPOSICAO COMISSIONADO;SERVIDOR EMLURB DISP.CAMARA;650;52;598;;
ESTATUTARIOS;ASSESSOR JURIDICO;11329;1525;9804;;
EXTRA QUADRO;SERVIDOR COMISSIONADO;9941;1936;8004;;
A DISPOSICAO COMISSIONADO;SERVIDOR EMLURB DISP.CAMARA;2666;253;2413;;
EXTRA QUADRO;SERVIDOR COMISSIONADO;16519;3745;12774;;
EXTRA QUADRO;SERVIDOR COMISSIONADO;5110;506;4604;;
EXTRA QUADRO;SERVIDOR COMISSIONADO;8546;1553;6993;;
A DISPOSICAO;SERVIDOR EMLURB DISP.CAMARA;0;0;0;;
EXTRA QUADRO;SERVIDOR COMISSIONADO;3432;188;3244;;
EXTRA QUADRO;SERVIDOR COMISSIONADO;12694;2693;10000;;
ESTATUTARIOS;CONTADOR;12766;1817;10949;;
EXTRA QUADRO;SERVIDOR COMISSIONADO;11698;2315;9383;;
ESTATUTARIOS;ASSISTEN ADMINIST. LEGISLATI;3245;0;3245;;
EXTRA QUADRO;SERVIDOR COMISSIONADO;3589;213;3377;;
EXTRA QUADRO;SERVIDOR COMISSIONADO;7683;1315;6367;;
EXTRA QUADRO;SERVIDOR COMISSIONADO;6197;870;5327;;
A DISPOSICAO COMISSIONADO;SERVIDOR PCR DISP.CAMARA;894;0;894;;
A DISPOSICAO;SERVIDOR PCR DISP.CAMARA;0;0;0;;
ESTATUTARIOS;GESTOR CONTR. INTERNO LEGISL;7791;677;7115;;
EXTRA QUADRO;SERVIDOR COMISSIONADO;9139;1716;7423;;
ESTATUTARIOS;ASSISTEN ADMINIST. LEGISLATI;3245;0;3245;;
EXTRA QUADRO;SERVIDOR COMISSIONADO;7347;1223;6124;;
EXTRA QUADRO;SERVIDOR COMISSIONADO;13525;2922;10603;;
VEREADORES;VEREADOR;14635;2988;11647;;
EXTRA QUADRO;SERVIDOR COMISSIONADO;7197;1182;6015;;
ESTATUTARIOS;CONSULTOR LEGISLATIVO;10555;1339;9216;;
EXTRA QUADRO;SERVIDOR COMISSIONADO;8501;1540;6961;;
EXTRA QUADRO;SERVIDOR COMISSIONADO;7271;1202;6069;;
A DISPOSICAO COMISSIONADO;SERVIDOR PCR DISP.CAMARA;894;0;894;;
EXTRA QUADRO;SERVIDOR COMISSIONADO;7694;1319;6376;;
EXTRA QUADRO;SERVIDOR COMISSIONADO;3384;184;3200;;
EXTRA QUADRO;SERVIDOR COMISSIONADO;12159;2546;9613;;
EXTRA QUADRO;SERVIDOR COMISSIONADO;4284;377;3907;;
ESTATUTARIOS;PROGRAMADOR;4660;79;4581;;
EXTRA QUADRO;SERVIDOR COMISSIONADO;7959;1391;6567;;
EXTRA QUADRO;SERVIDOR COMISSIONADO;2296;76;2220;;
ESTATUTARIOS;MEDICO;11531;1521;10009;;
EXTRA QUADRO;SERVIDOR COMISSIONADO;10071;1972;8099;;
EXTRA QUADRO;SERVIDOR COMISSIONADO;3432;188;3244;;
EXTRA QUADRO;SERVIDOR COMISSIONADO;11357;2274;9083;;
A DISPOSICAO COMISSIONADO;SERVIDOR PCR DISP.CAMARA;650;0;650;;
EXTRA QUADRO;SERVIDOR COMISSIONADO;6187;867;5320;;
VEREADORES;VEREADOR;14635;2988;11647;;
A DISPOSICAO COMISSIONADO;SERVIDOR OUTROS ORGAOS DISP.;1192;0;1192;;
EXTRA QUADRO;SERVIDOR COMISSIONADO;10843;2184;8659;;
EXTRA QUADRO;SERVIDOR COMISSIONADO;10164;1998;8166;;
EXTRA QUADRO;SERVIDOR COMISSIONADO;3784;244;3540;;
EXTRA QUADRO;SERVIDOR COMISSIONADO;3432;188;3244;;
EXTRA QUADRO;SERVIDOR COMISSIONADO;8168;1449;6719;;
EXTRA QUADRO;SERVIDOR COMISSIONADO;4693;461;4232;;
EXTRA QUADRO;SERVIDOR COMISSIONADO;7513;1269;6245;;
A DISPOSICAO COMISSIONADO;SERVIDOR PCR DISP.CAMARA;650;0;650;;
EXTRA QUADRO;SERVIDOR COMISSIONADO;10059;1969;8090;;
A DISPOSICAO COMISSIONADO;SERVIDOR EMLURB DISP.CAMARA;894;98;795;;
ESTATUTARIOS;ASSISTEN ADMINIST. LEGISLATI;3245;0;3245;;
EXTRA QUADRO;SERVIDOR COMISSIONADO;3676;210;3466;;
EXTRA QUADRO;SERVIDOR COMISSIONADO;8056;1418;6638;;
EXTRA QUADRO;SERVIDOR COMISSIONADO;8848;1531;7316;;
EXTRA QUADRO;SERVIDOR COMISSIONADO;3970;273;3697;;
EXTRA QUADRO;SERVIDOR COMISSIONADO;3313;177;3136;;
EXTRA QUADRO;SERVIDOR COMISSIONADO;8168;1397;6771;;
VEREADORES;VEREADOR;14635;2936;11699;;
ESTATUTARIOS;ASSISTEN ADMINIST. LEGISLATI;3245;0;3245;;
EXTRA QUADRO;SERVIDOR COMISSIONADO;3720;214;3506;;
EXTRA QUADRO;SERVIDOR COMISSIONADO;6220;877;5343;;
EXTRA QUADRO;SERVIDOR COMISSIONADO;4687;460;4227;;
EXTRA QUADRO;SERVIDOR COMISSIONADO;8488;1485;7004;;
EXTRA QUADRO;SERVIDOR COMISSIONADO;7794;1346;6448;;
A DISPOSICAO;SERVIDOR EMPREL DISP.CAMARA;0;0;0;;
EXTRA QUADRO;SERVIDOR COMISSIONADO;17732;4079;13653;;
EXTRA QUADRO;SERVIDOR COMISSIONADO;4601;419;4182;;
VEREADORES;VEREADOR;14635;2988;11647;;
EXTRA QUADRO;SERVIDOR COMISSIONADO;4119;348;3771;;
EXTRA QUADRO;SERVIDOR COMISSIONADO;5725;724;5002;;
EXTRA QUADRO;SERVIDOR COMISSIONADO;7251;1197;6054;;
EXTRA QUADRO;SERVIDOR COMISSIONADO;2673;106;2566;;
A DISPOSICAO COMISSIONADO;SERVIDOR OUTROS ORGAOS DISP;2673;106;2566;;
EXTRA QUADRO;SERVIDOR COMISSIONADO;13824;3004;10820;;
ESTATUTARIOS;ASSISTEN ADMINIST. LEGISLATI;4869;486;4383;;
ESTATUTARIOS;ASSISTEN ADMINIST. LEGISLATI;5706;693;5014;;
EXTRA QUADRO;SERVIDOR COMISSIONADO;2673;106;2566;;
EXTRA QUADRO;SERVIDOR COMISSIONADO;4734;443;4292;;
ESTATUTARIOS;ASSISTEN ADMINIST. LEGISLATI;3245;0;3245;;
A DISPOSICAO COMISSIONADO;SERVIDOR CTTU DISP.CAMARA;894;71;822;;
EXTRA QUADRO;SERVIDOR COMISSIONADO;7109;1105;6004;;
EXTRA QUADRO;SERVIDOR COMISSIONADO;7789;1240;6548;;
ESTATUTARIOS;ASSISTEN ADMINIST. LEGISLATI;3245;0;3245;;
EXTRA QUADRO;SERVIDOR COMISSIONADO;5255;513;4743;;
EXTRA QUADRO;SERVIDOR COMISSIONADO;15453;3348;12105;;
ESTATUTARIOS;CONSULTOR LEGISLATIVO;10555;1235;9320;;
EXTRA QUADRO;SERVIDOR COMISSIONADO;5741;728;5012;;
A DISPOSICAO COMISSIONADO;SERVIDOR OUTROS ORGAOS DISP;7815;911;6905;;
A DISPOSICAO;SERVIDOR PCR DISP.CAMARA;0;0;0;;
EXTRA QUADRO;SERVIDOR COMISSIONADO;3799;246;3553;;
EXTRA QUADRO;SERVIDOR COMISSIONADO;10912;2203;8708;;
EXTRA QUADRO;SERVIDOR COMISSIONADO;3432;188;3244;;
A DISPOSICAO;SERVIDOR PCR DISP.CAMARA;0;0;0;;
A DISPOSICAO;SERVIDOR PCR DISP.CAMARA;0;0;0;;
EXTRA QUADRO;SERVIDOR COMISSIONADO;9336;1718;7618;;
EXTRA QUADRO;SERVIDOR COMISSIONADO;7376;1231;6145;;
EXTRA QUADRO;SERVIDOR COMISSIONADO;5741;728;5012;;
EXTRA QUADRO;SERVIDOR COMISSIONADO;3432;188;3244;;
EXTRA QUADRO;SERVIDOR COMISSIONADO;3432;188;3244;;
EXTRA QUADRO;SERVIDOR COMISSIONADO;10671;2137;8534;;
EXTRA QUADRO;SERVIDOR COMISSIONADO;9250;1746;7504;;
EXTRA QUADRO;SERVIDOR COMISSIONADO;3432;188;3244;;
ESTATUTARIOS;CONSULTOR LEGISLATIVO;10555;1339;9216;;
EXTRA QUADRO;SERVIDOR COMISSIONADO;6081;700;5381;;
EXTRA QUADRO;SERVIDOR COMISSIONADO;10164;1683;8481;;
A DISPOSICAO COMISSIONADO;SERVIDOR PCR DISP.CAMARA;894;0;894;;
A DISPOSICAO COMISSIONADO;SERVIDOR PCR DISP.CAMARA;945;7;939;;
EXTRA QUADRO;SERVIDOR COMISSIONADO;5119;565;4554;;
EXTRA QUADRO;SERVIDOR COMISSIONADO;11747;2381;9366;;
A DISPOSICAO;SERVIDOR EMLURB DISP.CAMARA;0;0;0;;
EXTRA QUADRO;SERVIDOR COMISSIONADO;2673;106;2566;;
EXTRA QUADRO;SERVIDOR COMISSIONADO;7756;1336;6421;;
A DISPOSICAO COMISSIONADO;SERVIDOR PCR DISP.CAMARA;894;0;894;;
A DISPOSICAO COMISSIONADO;SERVIDOR PCR DISP.CAMARA;650;0;650;;
A DISPOSICAO COMISSIONADO;SERVIDOR PCR DISP.CAMARA;650;0;650;;
EXTRA QUADRO;SERVIDOR COMISSIONADO;4430;403;4027;;
EXTRA QUADRO;SERVIDOR COMISSIONADO;5205;529;4676;;
EXTRA QUADRO;SERVIDOR COMISSIONADO;7183;1178;6005;;
EXTRA QUADRO;SERVIDOR COMISSIONADO;7085;1151;5934;;
EXTRA QUADRO;SERVIDOR COMISSIONADO;5046;547;4499;;
EXTRA QUADRO;SERVIDOR COMISSIONADO;14288;3132;11156;;
EXTRA QUADRO;SERVIDOR COMISSIONADO;5255;598;4657;;
EXTRA QUADRO;SERVIDOR COMISSIONADO;7999;1402;6597;;
EXTRA QUADRO;SERVIDOR COMISSIONADO;5085;557;4529;;
EXTRA QUADRO;SERVIDOR COMISSIONADO;7959;1391;6567;;
A DISPOSICAO;SERVIDOR PCR DISP.CAMARA;0;0;0;;
A DISPOSICAO;SERVIDOR EMLURB DISP.CAMARA;0;0;0;;
EXTRA QUADRO;SERVIDOR COMISSIONADO;11052;2190;8862;;
A DISPOSICAO COMISSIONADO;SERVIDOR CTTU DISP.CAMARA;894;80;813;;
EXTRA QUADRO;SERVIDOR COMISSIONADO;4843;498;4346;;
EXTRA QUADRO;SERVIDOR COMISSIONADO;5167;577;4591;;
EXTRA QUADRO;SERVIDOR COMISSIONADO;7910;1378;6532;;
EXTRA QUADRO;SERVIDOR COMISSIONADO;10386;2059;8327;;
EXTRA QUADRO;SERVIDOR COMISSIONADO;3459;191;3269;;
A DISPOSICAO COMISSIONADO;SERVIDOR URB DISP.CAMARA;1062;65;997;;
EXTRA QUADRO;SERVIDOR COMISSIONADO;3469;191;3278;;
EXTRA QUADRO;SERVIDOR COMISSIONADO;3432;188;3244;;
EXTRA QUADRO;SERVIDOR COMISSIONADO;5935;789;5146;;
EXTRA QUADRO;SERVIDOR COMISSIONADO;6017;814;5203;;
EXTRA QUADRO;SERVIDOR COMISSIONADO;4964;527;4437;;
EXTRA QUADRO;SERVIDOR COMISSIONADO;8344;1497;6847;;
EXTRA QUADRO;SERVIDOR COMISSIONADO;6226;879;5347;;
EXTRA QUADRO;SERVIDOR COMISSIONADO;3313;177;3136;;
EXTRA QUADRO;SERVIDOR COMISSIONADO;4693;461;4232;;
A DISPOSICAO;SERVIDOR PCR DISP.CAMARA;0;0;0;;
EXTRA QUADRO;SERVIDOR COMISSIONADO;8242;1469;6773;;
EXTRA QUADRO;SERVIDOR COMISSIONADO;5460;648;4812;;
EXTRA QUADRO;SERVIDOR COMISSIONADO;7831;1356;6475;;
EXTRA QUADRO;SERVIDOR COMISSIONADO;6032;819;5213;;
EXTRA QUADRO;SERVIDOR COMISSIONADO;9796;1844;7952;;
EXTRA QUADRO;SERVIDOR COMISSIONADO;7440;1249;6191;;
EXTRA QUADRO;SERVIDOR COMISSIONADO;8453;1527;6926;;
EXTRA QUADRO;SERVIDOR COMISSIONADO;2673;106;2566;;
EXTRA QUADRO;SERVIDOR COMISSIONADO;3313;177;3136;;
A DISPOSICAO COMISSIONADO;SERVIDOR PCR DISP.CAMARA;894;0;894;;
EXTRA QUADRO;SERVIDOR COMISSIONADO;3432;188;3244;;
EXTRA QUADRO;SERVIDOR COMISSIONADO;10143;1992;8151;;
EXTRA QUADRO;SERVIDOR COMISSIONADO;8687;1591;7095;;
EXTRA QUADRO;SERVIDOR COMISSIONADO;13819;3003;10816;;
EXTRA QUADRO;SERVIDOR COMISSIONADO;7440;1249;6191;;
EXTRA QUADRO;SERVIDOR COMISSIONADO;8139;1284;6854;;
A DISPOSICAO;SERVIDOR URB DISP.CAMARA;0;0;0;;
EXTRA QUADRO;SERVIDOR COMISSIONADO;9995;1951;8044;;
A DISPOSICAO COMISSIONADO;SERVIDOR PCR DISP.CAMARA;3944;667;3278;;
EXTRA QUADRO;SERVIDOR COMISSIONADO;7716;1324;6391;;
EXTRA QUADRO;SERVIDOR COMISSIONADO;3432;188;3244;;
A DISPOSICAO COMISSIONADO;SERVIDOR PCR DISP.CAMARA;487;0;487;;
A DISPOSICAO;SERVIDOR PCR DISP.CAMARA;0;0;0;;
EXTRA QUADRO;SERVIDOR COMISSIONADO;10912;2203;8708;;
A DISPOSICAO COMISSIONADO;SERVIDOR URB DISP.CAMARA;894;71;822;;
A DISPOSICAO;SERVIDOR EMLURB DISP.CAMARA;0;0;0;;
EXTRA QUADRO;SERVIDOR COMISSIONADO;7222;1189;6033;;
EXTRA QUADRO;SERVIDOR COMISSIONADO;4489;413;4076;;
EXTRA QUADRO;SERVIDOR COMISSIONADO;3638;220;3417;;
EXTRA QUADRO;SERVIDOR COMISSIONADO;8436;1522;6913;;
A DISPOSICAO COMISSIONADO;SERVIDOR EMLURB DISP.CAMARA;487;0;487;;
EXTRA QUADRO;SERVIDOR COMISSIONADO;10386;2059;8327;;
EXTRA QUADRO;SERVIDOR COMISSIONADO;6197;827;5370;;
EXTRA QUADRO;SERVIDOR COMISSIONADO;10593;2116;8477;;
EXTRA QUADRO;SERVIDOR COMISSIONADO;9193;1679;7514;;
EXTRA QUADRO;SERVIDOR COMISSIONADO;7780;1342;6438;;
EXTRA QUADRO;SERVIDOR COMISSIONADO;6502;965;5537;;
ESTATUTARIOS;ASSISTEN ADMINIST. LEGISLATI;1514;0;1514;;
EXTRA QUADRO;SERVIDOR COMISSIONADO;3432;188;3244;;
EXTRA QUADRO;SERVIDOR COMISSIONADO;4069;289;3780;;
A DISPOSICAO COMISSIONADO;SERVIDOR EDUC PCR DISP.CAMAR;894;0;894;;
EXTRA QUADRO;SERVIDOR COMISSIONADO;9415;1792;7623;;
EXTRA QUADRO;SERVIDOR COMISSIONADO;10973;2168;8805;;
EXTRA QUADRO;SERVIDOR COMISSIONADO;7600;1293;6308;;
ESTATUTARIOS;BIBLIOTECARIO;3559;0;3559;;
A DISPOSICAO;SERVIDOR EMLURB DISP.CAMARA;0;0;0;;
EXTRA QUADRO;SERVIDOR COMISSIONADO;7473;1258;6215;;
EXTRA QUADRO;SERVIDOR COMISSIONADO;12159;2546;9613;;
A DISPOSICAO COMISSIONADO;SERVIDOR PCR DISP.CAMARA;650;0;650;;
EXTRA QUADRO;SERVIDOR COMISSIONADO;10443;2075;8369;;
A DISPOSICAO COMISSIONADO;SERVIDOR PCR DISP.CAMARA;894;0;894;;
EXTRA QUADRO;SERVIDOR COMISSIONADO;10593;2116;8477;;
A DISPOSICAO COMISSIONADO;SERVIDOR PCR DISP.CAMARA;487;0;487;;
EXTRA QUADRO;SERVIDOR COMISSIONADO;5960;796;5163;;
EXTRA QUADRO;SERVIDOR COMISSIONADO;8242;1469;6773;;
EXTRA QUADRO;SERVIDOR COMISSIONADO;9407;1685;7721;;
A DISPOSICAO;SERVIDOR PCR DISP.CAMARA;0;0;0;;
EXTRA QUADRO;SERVIDOR COMISSIONADO;5616;690;4926;;
ESTATUTARIOS;ASSISTENTE SOCIAL;4126;39;4087;;
EXTRA QUADRO;SERVIDOR COMISSIONADO;7756;1336;6421;;
EXTRA QUADRO;SERVIDOR COMISSIONADO;3130;161;2969;;
EXTRA QUADRO;SERVIDOR COMISSIONADO;13784;2993;10791;;
EXTRA QUADRO;SERVIDOR COMISSIONADO;2673;106;2566;;
EXTRA QUADRO;SERVIDOR COMISSIONADO;3432;188;3244;;
EXTRA QUADRO;SERVIDOR COMISSIONADO;3313;177;3136;;
EXTRA QUADRO;SERVIDOR COMISSIONADO;8287;1429;6858;;
EXTRA QUADRO;SERVIDOR COMISSIONADO;7985;1398;6586;;
EXTRA QUADRO;SERVIDOR COMISSIONADO;2673;106;2566;;
EXTRA QUADRO;SERVIDOR COMISSIONADO;9517;1820;7697;;
EXTRA QUADRO;SERVIDOR COMISSIONADO;3589;213;3377;;
EXTRA QUADRO;SERVIDOR COMISSIONADO;7227;1190;6037;;
EXTRA QUADRO;SERVIDOR COMISSIONADO;6060;0;6060;;
EXTRA QUADRO;SERVIDOR PCR DISP.CAMARA;3432;188;3244;;
EXTRA QUADRO;SERVIDOR COMISSIONADO;9455;1751;7705;;
EXTRA QUADRO;SERVIDOR COMISSIONADO;8813;1626;7187;;
EXTRA QUADRO;SERVIDOR COMISSIONADO;5047;547;4500;;
EXTRA QUADRO;SERVIDOR COMISSIONADO;5741;728;5012;;
EXTRA QUADRO;SERVIDOR COMISSIONADO;5730;725;5005;;
EXTRA QUADRO;SERVIDOR COMISSIONADO;8760;1455;7304;;
EXTRA QUADRO;SERVIDOR COMISSIONADO;11591;2390;9201;;
EXTRA QUADRO;SERVIDOR COMISSIONADO;3432;188;3244;;
EXTRA QUADRO;SERVIDOR COMISSIONADO;3313;177;3136;;
EXTRA QUADRO;SERVIDOR COMISSIONADO;3130;161;2969;;
EXTRA QUADRO;SERVIDOR COMISSIONADO;21184;1951;19233;;
EXTRA QUADRO;SERVIDOR COMISSIONADO;6017;729;5288;;
A DISPOSICAO COMISSIONADO;SERVIDOR PCR DISP.CAMARA;650;0;650;;
A DISPOSICAO COMISSIONADO;SERVIDOR PCR DISP.CAMARA;894;0;894;;
EXTRA QUADRO;SERVIDOR COMISSIONADO;4601;439;4162;;
EXTRA QUADRO;SERVIDOR COMISSIONADO;5774;739;5035;;
ESTATUTARIOS;ASSESSOR JURIDICO;11329;1525;9804;;
A DISPOSICAO;SERVIDOR PCR DISP.CAMARA;0;0;0;;
EXTRA QUADRO;SERVIDOR COMISSIONADO;9121;1711;7410;;
ESTATUTARIOS;ASSESSOR EM TAQUIGRAFIA;16928;4649;12280;;
EXTRA QUADRO;SERVIDOR COMISSIONADO;11882;2470;9412;;
EXTRA QUADRO;SERVIDOR COMISSIONADO;11397;2233;9165;;
EXTRA QUADRO;SERVIDOR COMISSIONADO;9659;1859;7800;;
A DISPOSICAO COMISSIONADO;SERVIDOR URB DISP.CAMARA;894;71;822;;
ESTATUTARIOS;ASSISTEN ADMINIST. LEGISLATI;3245;0;3245;;
EXTRA QUADRO;SERVIDOR COMISSIONADO;8307;1487;6820;;
A DISPOSICAO COMISSIONADO;SERVIDOR PCR DISP.CAMARA;12400;3199;9201;;
EXTRA QUADRO;SERVIDOR COMISSIONADO;5268;601;4667;;
EXTRA QUADRO;SERVIDOR COMISSIONADO;8700;1595;7105;;
EXTRA QUADRO;SERVIDOR COMISSIONADO;3432;188;3244;;
EXTRA QUADRO;SERVIDOR COMISSIONADO;7347;1119;6228;;
EXTRA QUADRO;SERVIDOR COMISSIONADO;4284;349;3936;;
EXTRA QUADRO;SUPERVISOR PARLAMENTAR;13056;2793;10263;;
EXTRA QUADRO;SERVIDOR COMISSIONADO;11882;2470;9412;;
A DISPOSICAO COMISSIONADO;SERVIDOR PCR DISP.CAMARA;894;0;894;;
EXTRA QUADRO;SERVIDOR COMISSIONADO;9188;1729;7458;;
EXTRA QUADRO;SERVIDOR COMISSIONADO;2355;76;2278;;
A DISPOSICAO COMISSIONADO;SERVIDOR PCR DISP.CAMARA;6197;466;5731;;
EXTRA QUADRO;SERVIDOR COMISSIONADO;7959;1391;6567;;
EXTRA QUADRO;SERVIDOR COMISSIONADO;4344;373;3970;;
A DISPOSICAO COMISSIONADO;SERVIDOR PCR DISP.CAMARA;894;0;894;;
A DISPOSICAO COMISSIONADO;SERVIDOR URB DISP.CAMARA;894;98;795;;
A DISPOSICAO;SERVIDOR URB DISP.CAMARA;0;0;0;;
EXTRA QUADRO;SERVIDOR COMISSIONADO;3432;188;3244;;
EXTRA QUADRO;SERVIDOR COMISSIONADO;6197;870;5327;;
A DISPOSICAO COMISSIONADO;SERVIDOR PCR DISP.CAMARA;894;0;894;;
ESTATUTARIOS;ASSISTEN ADMINIST. LEGISLATI;3245;0;3245;;
EXTRA QUADRO;SERVIDOR COMISSIONADO;10421;2068;8352;;
EXTRA QUADRO;SERVIDOR COMISSIONADO;3432;188;3244;;
EXTRA QUADRO;SERVIDOR COMISSIONADO;14076;3074;11003;;
EXTRA QUADRO;SERVIDOR COMISSIONADO;10143;1992;8151;;
A DISPOSICAO COMISSIONADO;SERVIDOR PCR DISP.CAMARA;1192;0;1192;;
EXTRA QUADRO;SERVIDOR COMISSIONADO;4445;341;4104;;
EXTRA QUADRO;SERVIDOR COMISSIONADO;4560;398;4163;;
EXTRA QUADRO;SERVIDOR COMISSIONADO;12535;2650;9885;;
VEREADORES;VEREADOR;14635;2988;11647;;
ESTATUTARIOS;ASSISTEN ADMINIST. LEGISLATI;3245;0;3245;;
EXTRA QUADRO;SERVIDOR COMISSIONADO;3313;177;3136;;
EXTRA QUADRO;SERVIDOR COMISSIONADO;6763;1054;5710;;
EXTRA QUADRO;SERVIDOR COMISSIONADO;14648;3231;11417;;
A DISPOSICAO;SERVIDOR EMLURB DISP.CAMARA;0;0;0;;
EXTRA QUADRO;SERVIDOR COMISSIONADO;6167;861;5306;;
EXTRA QUADRO;SERVIDOR COMISSIONADO;3432;188;3244;;
EXTRA QUADRO;SERVIDOR COMISSIONADO;3220;169;3051;;
EXTRA QUADRO;SERVIDOR COMISSIONADO;3949;235;3715;;
ESTATUTARIOS;GESTOR CONTR. INTERNO LEGISL;7791;677;7115;;
EXTRA QUADRO;SERVIDOR COMISSIONADO;6988;1124;5863;;
EXTRA QUADRO;SERVIDOR COMISSIONADO;8703;1596;7107;;
EXTRA QUADRO;SERVIDOR COMISSIONADO;15640;3347;12293;;
A DISPOSICAO COMISSIONADO;SERVIDOR PCR DISP.CAMARA;894;0;894;;
A DISPOSICAO;SERVIDOR PCR DISP.CAMARA;0;0;0;;
EXTRA QUADRO;SERVIDOR COMISSIONADO;8493;1538;6955;;
EXTRA QUADRO;SERVIDOR COMISSIONADO;6560;983;5577;;
EXTRA QUADRO;SERVIDOR COMISSIONADO;11052;2242;8810;;
EXTRA QUADRO;SERVIDOR COMISSIONADO;3220;169;3051;;
A DISPOSICAO COMISSIONADO;SERVIDOR URB DISP.CAMARA;894;71;822;;
A DISPOSICAO;SERVIDOR PCR DISP.CAMARA;0;0;0;;
EXTRA QUADRO;SERVIDOR COMISSIONADO;8459;1529;6930;;
EXTRA QUADRO;SERVIDOR COMISSIONADO;6712;1035;5676;;
EXTRA QUADRO;SERVIDOR COMISSIONADO;5724;723;5001;;
EXTRA QUADRO;SERVIDOR COMISSIONADO;4401;398;4003;;
EXTRA QUADRO;SERVIDOR COMISSIONADO;7416;1138;6278;;
A DISPOSICAO;SERVIDOR URB DISP.CAMARA;0;0;0;;
A DISPOSICAO COMISSIONADO;SERVIDOR OUTROS ORGAOS DISP;4855;466;4389;;
EXTRA QUADRO;SERVIDOR COMISSIONADO;9401;1788;7613;;
A DISPOSICAO COMISSIONADO;SERVIDOR EMPREL DISP.CAMARA;867;52;815;;
A DISPOSICAO;SERVIDOR URB DISP.CAMARA;0;0;0;;
A DISPOSICAO;SERVIDOR PCR DISP.CAMARA;0;0;0;;
A DISPOSICAO COMISSIONADO;SERVIDOR PCR DISP.CAMARA;487;0;487;;
EXTRA QUADRO;SERVIDOR COMISSIONADO;4250;371;3879;;
EXTRA QUADRO;SERVIDOR COMISSIONADO;3220;169;3051;;
EXTRA QUADRO;SERVIDOR COMISSIONADO;5205;586;4619;;
ESTATUTARIOS;ASSISTEN ADMINIST. LEGISLATI;4955;411;4545;;
EXTRA QUADRO;SERVIDOR COMISSIONADO;9656;1858;7798;;
EXTRA QUADRO;SERVIDOR COMISSIONADO;9027;1685;7342;;
A DISPOSICAO;SERVIDOR URB DISP.CAMARA;0;0;0;;
EXTRA QUADRO;SERVIDOR COMISSIONADO;7683;1315;6367;;
EXTRA QUADRO;SERVIDOR COMISSIONADO;7683;1315;6367;;
EXTRA QUADRO;SERVIDOR COMISSIONADO;6528;973;5556;;
EXTRA QUADRO;SERVIDOR COMISSIONADO;3313;177;3136;;
VEREADORES;VEREADOR;14635;2936;11699;;
EXTRA QUADRO;SERVIDOR COMISSIONADO;10708;2095;8613;;
A DISPOSICAO;SERVIDOR URB DISP.CAMARA;0;0;0;;
EXTRA QUADRO;SERVIDOR COMISSIONADO;11052;2190;8862;;
EXTRA QUADRO;SERVIDOR COMISSIONADO;8139;1389;6750;;
VEREADORES;VEREADOR;14635;2988;11647;;
EXTRA QUADRO;SERVIDOR COMISSIONADO;3317;178;3139;;
EXTRA QUADRO;SERVIDOR COMISSIONADO;8459;1529;6930;;
EXTRA QUADRO;SERVIDOR COMISSIONADO;3735;236;3499;;
EXTRA QUADRO;SERVIDOR COMISSIONADO;3432;188;3244;;
EXTRA QUADRO;SERVIDOR COMISSIONADO;3970;237;3734;;
A DISPOSICAO;SERVIDOR URB DISP.CAMARA;0;0;0;;
EXTRA QUADRO;SERVIDOR COMISSIONADO;5766;736;5029;;
EXTRA QUADRO;SERVIDOR COMISSIONADO;4687;420;4267;;
EXTRA QUADRO;SERVIDOR COMISSIONADO;9840;1857;7984;;
A DISPOSICAO;SERVIDOR EMLURB DISP.CAMARA;0;0;0;;
EXTRA QUADRO;SERVIDOR COMISSIONADO;6979;1122;5857;;
A DISPOSICAO;SERVIDOR URB DISP.CAMARA;0;0;0;;
EXTRA QUADRO;SERVIDOR COMISSIONADO;6308;904;5404;;
EXTRA QUADRO;SERVIDOR COMISSIONADO;7085;1151;5934;;
EXTRA QUADRO;SERVIDOR COMISSIONADO;4042;284;3757;;
A DISPOSICAO COMISSIONADO;SERVIDOR PCR DISP.CAMARA;867;0;867;;
EXTRA QUADRO;SERVIDOR COMISSIONADO;7178;1176;6001;;
EXTRA QUADRO;SERVIDOR COMISSIONADO;7780;1342;6438;;
EXTRA QUADRO;SERVIDOR COMISSIONADO;5401;633;4767;;
EXTRA QUADRO;SERVIDOR COMISSIONADO;7053;1090;5963;;
EXTRA QUADRO;SERVIDOR COMISSIONADO;10110;1983;8127;;
EXTRA QUADRO;SERVIDOR COMISSIONADO;8201;1458;6743;;
EXTRA QUADRO;SERVIDOR COMISSIONADO;6712;1035;5676;;
EXTRA QUADRO;SERVIDOR COMISSIONADO;12319;2590;9729;;
A DISPOSICAO;SERVIDOR PCR DISP.CAMARA;0;0;0;;
EXTRA QUADRO;SERVIDOR COMISSIONADO;2296;76;2220;;
EXTRA QUADRO;SERVIDOR COMISSIONADO;9128;1713;7415;;
EXTRA QUADRO;SERVIDOR COMISSIONADO;2673;106;2566;;
EXTRA QUADRO;SERVIDOR COMISSIONADO;7294;1209;6086;;
EXTRA QUADRO;SERVIDOR COMISSIONADO;5559;643;4915;;
EXTRA QUADRO;SERVIDOR COMISSIONADO;4687;460;4227;;
A DISPOSICAO;SERVIDOR URB DISP.CAMARA;0;0;0;;
ESTATUTARIOS;ASSESSOR EM TAQUIGRAFIA;17566;4877;12690;;
EXTRA QUADRO;SERVIDOR COMISSIONADO;6294;900;5394;;
EXTRA QUADRO;SERVIDOR COMISSIONADO;4352;389;3963;;
EXTRA QUADRO;SERVIDOR COMISSIONADO;10493;2088;8405;;
A DISPOSICAO COMISSIONADO;SERVIDOR EDUC PCR DISP.CAMAR;894;0;894;;
EXTRA QUADRO;SERVIDOR COMISSIONADO;8337;1495;6841;;
A DISPOSICAO;SERVIDOR PCR DISP.CAMARA;0;0;0;;
A DISPOSICAO COMISSIONADO;SERVIDOR FCCR DISP.CAMARA;924;35;889;;
EXTRA QUADRO;SERVIDOR COMISSIONADO;7014;1131;5882;;
ESTATUTARIOS;ASSISTEN ADMINIST. LEGISLATI;6198;884;5314;;
EXTRA QUADRO;SERVIDOR COMISSIONADO;3799;246;3553;;
A DISPOSICAO COMISSIONADO;SERVIDOR URB DISP.CAMARA;1192;98;1093;;
EXTRA QUADRO;SERVIDOR COMISSIONADO;7182;1178;6004;;
A DISPOSICAO;SERVIDOR URB DISP.CAMARA;0;0;0;;
A DISPOSICAO;SERVIDOR URB DISP.CAMARA;0;0;0;;
A DISPOSICAO COMISSIONADO;SERVIDOR PCR DISP.CAMARA;1192;0;1192;;
EXTRA QUADRO;SERVIDOR COMISSIONADO;3775;242;3533;;
EXTRA QUADRO;SERVIDOR COMISSIONADO;3432;188;3244;;
EXTRA QUADRO;SERVIDOR COMISSIONADO;7877;1369;6508;;
EXTRA QUADRO;SERVIDOR COMISSIONADO;11745;2432;9312;;
A DISPOSICAO COMISSIONADO;SERVIDOR EMLURB DISP.CAMARA;1416;117;1299;;
ESTATUTARIOS;ASSESSOR JURIDICO;15106;2323;12783;;
A DISPOSICAO;SERVIDOR URB DISP.CAMARA;0;0;0;;
ESTATUTARIOS;ASSISTEN ADMINIST. LEGISLATI;6099;853;5246;;
EXTRA QUADRO;SERVIDOR COMISSIONADO;13906;3027;10879;;
EXTRA QUADRO;SERVIDOR COMISSIONADO;12319;2590;9729;;
EXTRA QUADRO;SERVIDOR COMISSIONADO;2296;76;2220;;
EXTRA QUADRO;SERVIDOR COMISSIONADO;3799;221;3578;;
EXTRA QUADRO;SERVIDOR COMISSIONADO;12385;2609;9777;;
EXTRA QUADRO;SERVIDOR COMISSIONADO;8265;1476;6790;;
EXTRA QUADRO;SERVIDOR COMISSIONADO;6454;950;5504;;
A DISPOSICAO COMISSIONADO;SERVIDOR PCR DISP.CAMARA;894;0;894;;
EXTRA QUADRO;SERVIDOR COMISSIONADO;14547;3151;11396;;
ESTATUTARIOS;CONTADOR;17900;5048;12852;;
EXTRA QUADRO;SERVIDOR COMISSIONADO;2673;106;2566;;
EXTRA QUADRO;SERVIDOR COMISSIONADO;8687;1591;7095;;
A DISPOSICAO COMISSIONADO;SERVIDOR EDUC PCR DISP.CAMAR;894;0;894;;
EXTRA QUADRO;SERVIDOR COMISSIONADO;8314;1489;6825;;
EXTRA QUADRO;SERVIDOR COMISSIONADO;3432;188;3244;;
A DISPOSICAO;SERVIDOR EMLURB DISP.CAMARA;0;0;0;;
EXTRA QUADRO;SERVIDOR COMISSIONADO;3432;188;3244;;
ESTATUTARIOS;ENFERMEIRO;3725;13;3712;;
A DISPOSICAO COMISSIONADO;SERVIDOR EDUC PCR DISP.CAMAR;894;0;894;;
EXTRA QUADRO;SERVIDOR COMISSIONADO;2673;106;2566;;
EXTRA QUADRO;SERVIDOR COMISSIONADO;8168;1397;6771;;
EXTRA QUADRO;SERVIDOR COMISSIONADO;3130;161;2969;;
A DISPOSICAO COMISSIONADO;SERVIDOR PCR DISP.CAMARA;894;0;894;;
ESTATUTARIOS;ASSISTEN ADMINIST. LEGISLATI;6572;958;5614;;
EXTRA QUADRO;SERVIDOR COMISSIONADO;2355;76;2278;;
EXTRA QUADRO;SERVIDOR COMISSIONADO;4090;292;3798;;
EXTRA QUADRO;SERVIDOR COMISSIONADO;10809;2175;8634;;
EXTRA QUADRO;SERVIDOR COMISSIONADO;5454;646;4808;;
A DISPOSICAO COMISSIONADO;SERVIDOR URB DISP.CAMARA;894;98;795;;
A DISPOSICAO COMISSIONADO;SERVIDOR PCR DISP.CAMARA;894;0;894;;
EXTRA QUADRO;SERVIDOR COMISSIONADO;3692;211;3481;;
VEREADORES;VEREADOR;14635;2988;11647;;
A DISPOSICAO;SERVIDOR PCR DISP.CAMARA;0;0;0;;
A DISPOSICAO COMISSIONADO;SERVIDOR PCR DISP.CAMARA;1011;15;996;;
EXTRA QUADRO;SERVIDOR COMISSIONADO;6226;879;5347;;
EXTRA QUADRO;SERVIDOR COMISSIONADO;11154;2270;8884;;
EXTRA QUADRO;SERVIDOR COMISSIONADO;3313;177;3136;;
A DISPOSICAO COMISSIONADO;SERVIDOR EDUC PCR DISP.CAMAR;650;0;650;;
EXTRA QUADRO;SERVIDOR COMISSIONADO;3313;177;3136;;
EXTRA QUADRO;SERVIDOR COMISSIONADO;7440;1196;6243;;
EXTRA QUADRO;SERVIDOR COMISSIONADO;5518;0;5518;;
A DISPOSICAO;SERVIDOR PCR DISP.CAMARA;0;0;0;;
EXTRA QUADRO;SERVIDOR COMISSIONADO;5401;605;4796;;
EXTRA QUADRO;SERVIDOR COMISSIONADO;13339;2871;10468;;
EXTRA QUADRO;SERVIDOR COMISSIONADO;6226;879;5347;;
EXTRA QUADRO;SERVIDOR COMISSIONADO;4415;372;4043;;
EXTRA QUADRO;SERVIDOR COMISSIONADO;3624;218;3406;;
A DISPOSICAO;SERVIDOR PCR DISP.CAMARA;0;0;0;;
EXTRA QUADRO;SERVIDOR COMISSIONADO;7513;1269;6245;;
EXTRA QUADRO;SERVIDOR COMISSIONADO;4687;460;4227;;
EXTRA QUADRO;SERVIDOR COMISSIONADO;3384;184;3200;;
EXTRA QUADRO;SERVIDOR COMISSIONADO;1333;0;1333;;
EXTRA QUADRO;SERVIDOR COMISSIONADO;6848;1084;5764;;
EXTRA QUADRO;SERVIDOR COMISSIONADO;4736;472;4264;;
EXTRA QUADRO;SERVIDOR COMISSIONADO;3754;239;3515;;
EXTRA QUADRO;SERVIDOR COMISSIONADO;7473;1258;6215;;
EXTRA QUADRO;SERVIDOR COMISSIONADO;10624;2124;8500;;
EXTRA QUADRO;SERVIDOR COMISSIONADO;7473;1153;6320;;
A DISPOSICAO COMISSIONADO;SERVIDOR PCR DISP.CAMARA;650;0;650;;
A DISPOSICAO;SERVIDOR EMLURB DISP.CAMARA;0;0;0;;
EXTRA QUADRO;SERVIDOR COMISSIONADO;5416;637;4779;;
EXTRA QUADRO;SERVIDOR COMISSIONADO;11294;2204;9090;;
EXTRA QUADRO;SERVIDOR COMISSIONADO;2673;106;2566;;
EXTRA QUADRO;SERVIDOR COMISSIONADO;4229;353;3876;;
EXTRA QUADRO;SERVIDOR COMISSIONADO;13107;2703;10404;;
EXTRA QUADRO;SERVIDOR COMISSIONADO;4736;472;4264;;
EXTRA QUADRO;SERVIDOR COMISSIONADO;3220;169;3051;;
EXTRA QUADRO;SERVIDOR COMISSIONADO;5647;699;4948;;
A DISPOSICAO COMISSIONADO;SERVIDOR PCR DISP.CAMARA;894;0;894;;
EXTRA QUADRO;SERVIDOR COMISSIONADO;12023;2509;9514;;
ESTATUTARIOS;ASSESSOR EM TAQUIGRAFIA;20890;6117;14773;;
EXTRA QUADRO;SERVIDOR COMISSIONADO;3802;246;3556;;
ESTATUTARIOS;ASSISTEN ADMINIST. LEGISLATI;4435;27;4408;;
A DISPOSICAO COMISSIONADO;SERVIDOR PCR DISP.CAMARA;4855;939;3916;;
EXTRA QUADRO;SERVIDOR COMISSIONADO;5886;774;5113;;
A DISPOSICAO;SERVIDOR EMPREL DISP.CAMARA;0;0;0;;
EXTRA QUADRO;SERVIDOR COMISSIONADO;8824;1577;7247;;
A DISPOSICAO;SERVIDOR URB DISP.CAMARA;0;0;0;;
A DISPOSICAO COMISSIONADO;SERVIDOR PCR DISP.CAMARA;487;0;487;;
EXTRA QUADRO;SERVIDOR COMISSIONADO;3313;177;3136;;
EXTRA QUADRO;SERVIDOR COMISSIONADO;3313;177;3136;;
A DISPOSICAO COMISSIONADO;SERVIDOR EMLURB DISP.CAMARA;1747;165;1582;;
EXTRA QUADRO;SERVIDOR COMISSIONADO;5110;563;4547;;
EXTRA QUADRO;SERVIDOR COMISSIONADO;4430;389;4041;;
EXTRA QUADRO;SERVIDOR COMISSIONADO;11513;2369;9144;;
A DISPOSICAO COMISSIONADO;SERVIDOR PCR DISP.CAMARA;894;0;894;;
EXTRA QUADRO;SERVIDOR COMISSIONADO;9755;1833;7922;;
EXTRA QUADRO;SERVIDOR COMISSIONADO;3469;191;3278;;
ESTATUTARIOS;RELAÇÕES PÚBLICAS;4397;57;4340;;
EXTRA QUADRO;SERVIDOR COMISSIONADO;3313;177;3136;;
VEREADORES;VEREADOR;14635;2988;11647;;
EXTRA QUADRO;SERVIDOR COMISSIONADO;4441;405;4036;;
EXTRA QUADRO;SERVIDOR COMISSIONADO;0;0;0;;
EXTRA QUADRO;SERVIDOR COMISSIONADO;8970;1669;7300;;
EXTRA QUADRO;SERVIDOR COMISSIONADO;3432;188;3244;;
EXTRA QUADRO;SERVIDOR COMISSIONADO;2673;106;2566;;
EXTRA QUADRO;SERVIDOR COMISSIONADO;7856;1363;6493;;
EXTRA QUADRO;SERVIDOR COMISSIONADO;4403;398;4005;;
EXTRA QUADRO;SERVIDOR COMISSIONADO;19466;4556;14910;;
A DISPOSICAO;SERVIDOR URB DISP.CAMARA;0;0;0;;
A DISPOSICAO;SERVIDOR EMLURB DISP.CAMARA;0;0;0;;
A DISPOSICAO COMISSIONADO;SERVIDOR PCR DISP.CAMARA;487;0;487;;
A DISPOSICAO COMISSIONADO;SERVIDOR PCR DISP.CAMARA;650;0;650;;
EXTRA QUADRO;SERVIDOR COMISSIONADO;10143;1992;8151;;
EXTRA QUADRO;SERVIDOR COMISSIONADO;2673;106;2566;;
A DISPOSICAO COMISSIONADO;SERVIDOR PCR DISP.CAMARA;894;0;894;;
EXTRA QUADRO;SERVIDOR COMISSIONADO;6542;977;5565;;
EXTRA QUADRO;SERVIDOR COMISSIONADO;4234;354;3880;;
EXTRA QUADRO;SERVIDOR COMISSIONADO;8444;1473;6971;;
EXTRA QUADRO;SERVIDOR COMISSIONADO;3220;169;3051;;
EXTRA QUADRO;SERVIDOR COMISSIONADO;4072;289;3783;;
ESTATUTARIOS;ASSISTEN ADMINIST. LEGISLATI;3245;0;3245;;
EXTRA QUADRO;SERVIDOR COMISSIONADO;7813;1351;6462;;
A DISPOSICAO COMISSIONADO;SERVIDOR EMLURB DISP.CAMARA;1649;155;1495;;
EXTRA QUADRO;SERVIDOR COMISSIONADO;5838;759;5079;;
EXTRA QUADRO;SERVIDOR COMISSIONADO;6080;834;5246;;
EXTRA QUADRO;SERVIDOR COMISSIONADO;6197;870;5327;;
EXTRA QUADRO;SERVIDOR COMISSIONADO;11863;2465;9398;;
EXTRA QUADRO;SERVIDOR COMISSIONADO;3850;254;3596;;
EXTRA QUADRO;SERVIDOR COMISSIONADO;7030;1136;5894;;
ESTATUTARIOS;ASSISTEN ADMINIST. LEGISLATI;3245;0;3245;;
EXTRA QUADRO;SERVIDOR COMISSIONADO;5106;533;4573;;
EXTRA QUADRO;SERVIDOR COMISSIONADO;8624;1574;7050;;
EXTRA QUADRO;SERVIDOR COMISSIONADO;4508;417;4091;;
EXTRA QUADRO;SERVIDOR COMISSIONADO;3362;182;3180;;
EXTRA QUADRO;SERVIDOR COMISSIONADO;10871;2192;8679;;
EXTRA QUADRO;SERVIDOR COMISSIONADO;8168;1397;6771;;
EXTRA QUADRO;SERVIDOR COMISSIONADO;5352;622;4731;;
EXTRA QUADRO;SERVIDOR COMISSIONADO;7149;1168;5980;;
EXTRA QUADRO;SERVIDOR COMISSIONADO;7186;1179;6008;;
EXTRA QUADRO;SERVIDOR COMISSIONADO;7439;1248;6191;;
A DISPOSICAO COMISSIONADO;SERVIDOR EDUC PCR DISP.CAMAR;894;0;894;;
EXTRA QUADRO;SERVIDOR COMISSIONADO;4129;350;3779;;
EXTRA QUADRO;SERVIDOR COMISSIONADO;6937;1110;5827;;
EXTRA QUADRO;SERVIDOR COMISSIONADO;7074;1148;5926;;
A DISPOSICAO COMISSIONADO;SERVIDOR EMLURB DISP.CAMARA;894;98;795;;
A DISPOSICAO;SERVIDOR URB DISP.CAMARA;0;0;0;;
VEREADORES;VEREADOR;14635;2621;12014;;
EXTRA QUADRO;SERVIDOR COMISSIONADO;3432;188;3244;;
A DISPOSICAO COMISSIONADO;SERVIDOR EMLURB DISP.CAMARA;9995;1354;8641;;
EXTRA QUADRO;SERVIDOR COMISSIONADO;2673;106;2566;;
EXTRA QUADRO;SERVIDOR COMISSIONADO;3313;177;3136;;
A DISPOSICAO COMISSIONADO;SERVIDOR PCR DISP.CAMARA;650;0;650;;
EXTRA QUADRO;SERVIDOR COMISSIONADO;16044;3615;12430;;
EXTRA QUADRO;SERVIDOR COMISSIONADO;3384;184;3200;;
A DISPOSICAO COMISSIONADO;SERVIDOR PCR DISP.CAMARA;918;55;863;;
EXTRA QUADRO;SERVIDOR COMISSIONADO;2673;106;2566;;
EXTRA QUADRO;SERVIDOR COMISSIONADO;6931;1109;5822;;
EXTRA QUADRO;SERVIDOR COMISSIONADO;9995;1847;8148;;
ESTATUTARIOS;ASSESSOR JURIDICO;36408;11611;24798;;
EXTRA QUADRO;SERVIDOR COMISSIONADO;11052;2242;8810;;
EXTRA QUADRO;SERVIDOR COMISSIONADO;8250;1471;6779;;
EXTRA QUADRO;SERVIDOR COMISSIONADO;3432;188;3244;;
EXTRA QUADRO;SERVIDOR COMISSIONADO;3938;268;3670;;
EXTRA QUADRO;SERVIDOR COMISSIONADO;14790;3270;11520;;
EXTRA QUADRO;SERVIDOR COMISSIONADO;12702;2696;10007;;
EXTRA QUADRO;SERVIDOR COMISSIONADO;10143;1992;8151;;
A DISPOSICAO COMISSIONADO;SERVIDOR PCR DISP.CAMARA;894;0;894;;
VEREADORES;VEREADOR;14635;2988;11647;;
EXTRA QUADRO;SERVIDOR COMISSIONADO;8168;1449;6719;;
EXTRA QUADRO;SERVIDOR COMISSIONADO;4651;451;4200;;
EXTRA QUADRO;SERVIDOR COMISSIONADO;5983;804;5180;;
EXTRA QUADRO;SERVIDOR COMISSIONADO;11767;2439;9329;;
EXTRA QUADRO;SERVIDOR COMISSIONADO;12693;2693;9999;;
EXTRA QUADRO;SERVIDOR COMISSIONADO;3432;188;3244;;
EXTRA QUADRO;SERVIDOR COMISSIONADO;3130;161;2969;;
EXTRA QUADRO;SERVIDOR COMISSIONADO;2673;106;2566;;
EXTRA QUADRO;SERVIDOR COMISSIONADO;3130;161;2969;;
ESTATUTARIOS;GESTOR CONTR. INTERNO LEGISL;7791;677;7115;;
ESTATUTARIOS;CONSULTOR LEGISLATIVO;10555;1339;9216;;
EXTRA QUADRO;SERVIDOR COMISSIONADO;2673;106;2566;;
EXTRA QUADRO;SERVIDOR COMISSIONADO;6197;870;5327;;
EXTRA QUADRO;SERVIDOR COMISSIONADO;5220;0;5220;;
EXTRA QUADRO;SERVIDOR COMISSIONADO;10595;2012;8583;;
ESTATUTARIOS;ASSISTEN ADMINIST. LEGISLATI;7118;1195;5923;;
EXTRA QUADRO;SERVIDOR COMISSIONADO;11220;2288;8932;;
EXTRA QUADRO;SERVIDOR COMISSIONADO;7513;1217;6297;;
EXTRA QUADRO;SERVIDOR COMISSIONADO;4676;457;4219;;
EXTRA QUADRO;SERVIDOR COMISSIONADO;9415;1792;7623;;
EXTRA QUADRO;SERVIDOR COMISSIONADO;7197;1182;6015;;
EXTRA QUADRO;SERVIDOR COMISSIONADO;17284;3956;13328;;
EXTRA QUADRO;SERVIDOR COMISSIONADO;5094;559;4536;;
EXTRA QUADRO;SERVIDOR COMISSIONADO;12805;2724;10081;;
EXTRA QUADRO;SERVIDOR COMISSIONADO;3469;191;3278;;
A DISPOSICAO COMISSIONADO;SERVIDOR EMLURB DISP.CAMARA;894;98;795;;
EXTRA QUADRO;SERVIDOR COMISSIONADO;2673;106;2566;;
EXTRA QUADRO;SERVIDOR COMISSIONADO;7085;1151;5934;;
EXTRA QUADRO;SERVIDOR COMISSIONADO;5634;633;5001;;
EXTRA QUADRO;SERVIDOR COMISSIONADO;12120;2431;9688;;
EXTRA QUADRO;SERVIDOR COMISSIONADO;15300;3358;11942;;
A DISPOSICAO COMISSIONADO;SERVIDOR PCR DISP.CAMARA;945;7;939;;
EXTRA QUADRO;SERVIDOR COMISSIONADO;9941;1936;8004;;
EXTRA QUADRO;SERVIDOR COMISSIONADO;6760;1053;5708;;
A DISPOSICAO COMISSIONADO;SERVIDOR CTTU DISP.CAMARA;818;65;753;;
EXTRA QUADRO;SERVIDOR COMISSIONADO;3313;177;3136;;
ESTATUTARIOS;CONSULTOR LEGISLATIVO;10555;1339;9216;;
ESTATUTARIOS;ASSISTEN ADMINIST. LEGISLATI;3245;0;3245;;
EXTRA QUADRO;SERVIDOR COMISSIONADO;10426;2070;8356;;
EXTRA QUADRO;SERVIDOR COMISSIONADO;5110;563;4547;;
EXTRA QUADRO;SERVIDOR COMISSIONADO;10038;1963;8075;;
A DISPOSICAO COMISSIONADO;SERVIDOR PCR DISP.CAMARA;894;0;894;;
EXTRA QUADRO;SERVIDOR COMISSIONADO;8120;1279;6840;;
A DISPOSICAO;SERVIDOR URB DISP.CAMARA;0;0;0;;
EXTRA QUADRO;SERVIDOR COMISSIONADO;8444;1525;6919;;
EXTRA QUADRO;SERVIDOR COMISSIONADO;15299;3306;11994;;
ESTATUTARIOS;JORNALISTA;6739;424;6314;;
EXTRA QUADRO;SERVIDOR COMISSIONADO;8444;1525;6919;;
VEREADORES;VEREADOR;14635;3051;11584;;
A DISPOSICAO;SERVIDOR URB DISP.CAMARA;0;0;0;;
ESTATUTARIOS;PROGRAMADOR;4660;46;4615;;
EXTRA QUADRO;SERVIDOR COMISSIONADO;6197;870;5327;;
EXTRA QUADRO;SERVIDOR COMISSIONADO;8556;1555;7000;;
A DISPOSICAO COMISSIONADO;SERVIDOR PCR DISP.CAMARA;894;0;894;;
EXTRA QUADRO;SERVIDOR COMISSIONADO;9779;1788;7991;;
A DISPOSICAO COMISSIONADO;SERVIDOR URB DISP.CAMARA;894;71;822;;
VEREADORES;VEREADOR;14635;2832;11803;;
EXTRA QUADRO;SERVIDOR COMISSIONADO;8444;1525;6919;;
EXTRA QUADRO;SERVIDOR COMISSIONADO;8250;1471;6779;;
EXTRA QUADRO;SERVIDOR COMISSIONADO;3432;188;3244;;
EXTRA QUADRO;SERVIDOR COMISSIONADO;2673;106;2566;;
EXTRA QUADRO;SERVIDOR COMISSIONADO;3970;259;3712;;
EXTRA QUADRO;SERVIDOR COMISSIONADO;4212;364;3847;;
EXTRA QUADRO;SERVIDOR COMISSIONADO;10122;0;10122;;
EXTRA QUADRO;SERVIDOR COMISSIONADO;10857;0;10857;;
A DISPOSICAO COMISSIONADO;SERVIDOR PCR DISP.CAMARA;894;0;894;;
EXTRA QUADRO;SERVIDOR COMISSIONADO;8155;1341;6814;;
EXTRA QUADRO;SERVIDOR COMISSIONADO;3750;238;3512;;
ESTATUTARIOS;ASSISTEN ADMINIST. LEGISLATI;3880;0;3880;;
EXTRA QUADRO;SERVIDOR COMISSIONADO;3432;188;3244;;
EXTRA QUADRO;SERVIDOR COMISSIONADO;9995;1899;8096;;
EXTRA QUADRO;SERVIDOR COMISSIONADO;6247;886;5362;;
A DISPOSICAO;SERVIDOR EMPREL DISP.CAMARA;0;0;0;;
ESTATUTARIOS;CONSULTOR LEGISLATIVO;13626;2076;11551;;
A DISPOSICAO;SERVIDOR EMLURB DISP.CAMARA;0;0;0;;
VEREADORES;VEREADOR;14635;2988;11647;;
A DISPOSICAO;SERVIDOR PCR DISP.CAMARA;0;0;0;;
EXTRA QUADRO;SERVIDOR COMISSIONADO;6988;1124;5863;;
EXTRA QUADRO;SERVIDOR COMISSIONADO;5232;592;4639;;
EXTRA QUADRO;SERVIDOR COMISSIONADO;3313;177;3136;;
EXTRA QUADRO;SERVIDOR COMISSIONADO;9935;1935;8000;;
EXTRA QUADRO;SERVIDOR COMISSIONADO;3313;177;3136;;
EXTRA QUADRO;SERVIDOR COMISSIONADO;2673;106;2566;;
VEREADORES;VEREADOR;14635;3103;11532;;
ESTATUTARIOS;ASSISTEN ADMINIST. LEGISLATI;3880;23;3856;;
VEREADORES;VEREADOR;14635;2988;11647;;
VEREADORES;VEREADOR;14635;2988;11647;;
A DISPOSICAO COMISSIONADO;SERVIDOR PCR DISP.CAMARA;894;0;894;;
EXTRA QUADRO;SERVIDOR COMISSIONADO;4445;406;4039;;
EXTRA QUADRO;SERVIDOR COMISSIONADO;7513;1269;6245;;
EXTRA QUADRO;SERVIDOR COMISSIONADO;3432;188;3244;;
EXTRA QUADRO;SERVIDOR COMISSIONADO;2673;106;2566;;
A DISPOSICAO COMISSIONADO;SERVIDOR EMLURB DISP.CAMARA;1192;71;1120;;
EXTRA QUADRO;SERVIDOR COMISSIONADO;7294;1209;6086;;
EXTRA QUADRO;SERVIDOR COMISSIONADO;7440;1196;6243;;
EXTRA QUADRO;SERVIDOR COMISSIONADO;12159;2546;9613;;
EXTRA QUADRO;SERVIDOR COMISSIONADO;8631;1576;7055;;
EXTRA QUADRO;SERVIDOR COMISSIONADO;6502;879;5623;;
ESTATUTARIOS;ASSISTEN ADMINIST. LEGISLATI;6102;769;5334;;
EXTRA QUADRO;SERVIDOR COMISSIONADO;2673;106;2566;;
EXTRA QUADRO;SERVIDOR COMISSIONADO;11091;2253;8838;;
EXTRA QUADRO;SERVIDOR COMISSIONADO;4986;532;4453;;
EXTRA QUADRO;SERVIDOR COMISSIONADO;10164;1893;8271;;
EXTRA QUADRO;SERVIDOR COMISSIONADO;7271;1202;6069;;
EXTRA QUADRO;SERVIDOR COMISSIONADO;7473;1258;6215;;
EXTRA QUADRO;SERVIDOR COMISSIONADO;7197;1130;6067;;
EXTRA QUADRO;SERVIDOR COMISSIONADO;2673;106;2566;;
EXTRA QUADRO;SERVIDOR COMISSIONADO;4854;449;4404;;
EXTRA QUADRO;SERVIDOR COMISSIONADO;8056;1314;6742;;
EXTRA QUADRO;SERVIDOR COMISSIONADO;3432;188;3244;;
ESTATUTARIOS;ASSISTEN ADMINIST. LEGISLATI;3880;23;3856;;
A DISPOSICAO COMISSIONADO;SERVIDOR URB DISP.CAMARA;894;71;822;;
EXTRA QUADRO;SERVIDOR COMISSIONADO;3432;188;3244;;
EXTRA QUADRO;SERVIDOR COMISSIONADO;3970;237;3734;;
EXTRA QUADRO;SERVIDOR COMISSIONADO;7570;1284;6286;;
A DISPOSICAO;SERVIDOR URB DISP.CAMARA;0;0;0;;
EXTRA QUADRO;SERVIDOR COMISSIONADO;12171;2549;9621;;
EXTRA QUADRO;SERVIDOR COMISSIONADO;12644;2680;9964;;
A DISPOSICAO;SERVIDOR PCR DISP.CAMARA;0;0;0;;
EXTRA QUADRO;SERVIDOR COMISSIONADO;7440;1196;6243;;
EXTRA QUADRO;SERVIDOR COMISSIONADO;5046;547;4499;;
EXTRA QUADRO;SERVIDOR COMISSIONADO;3845;225;3620;;
EXTRA QUADRO;SERVIDOR COMISSIONADO;4736;472;4264;;
EXTRA QUADRO;SERVIDOR COMISSIONADO;4770;480;4290;;
EXTRA QUADRO;SERVIDOR COMISSIONADO;3432;188;3244;;
EXTRA QUADRO;SERVIDOR COMISSIONADO;10174;2000;8173;;
EXTRA QUADRO;SERVIDOR COMISSIONADO;6197;870;5327;;
EXTRA QUADRO;SERVIDOR COMISSIONADO;5013;539;4474;;
EXTRA QUADRO;SERVIDOR COMISSIONADO;5507;659;4848;;
EXTRA QUADRO;SERVIDOR COMISSIONADO;9925;1932;7993;;
A DISPOSICAO;SERVIDOR PCR DISP.CAMARA;0;0;0;;
EXTRA QUADRO;SERVIDOR COMISSIONADO;6988;1124;5863;;
A DISPOSICAO COMISSIONADO;SERVIDOR PCR DISP.CAMARA;650;0;650;;
A DISPOSICAO COMISSIONADO;SERVIDOR PCR DISP.CAMARA;894;0;894;;
A DISPOSICAO;SERVIDOR CTTU DISP.CAMARA;0;0;0;;
EXTRA QUADRO;SERVIDOR COMISSIONADO;10629;2125;8503;;
EXTRA QUADRO;SERVIDOR COMISSIONADO;3130;161;2969;;
EXTRA QUADRO;SERVIDOR COMISSIONADO;9581;1837;7744;;
EXTRA QUADRO;SERVIDOR COMISSIONADO;4763;478;4285;;
EXTRA QUADRO;SERVIDOR COMISSIONADO;11541;2376;9165;;
A DISPOSICAO COMISSIONADO;SERVIDOR URB DISP.CAMARA;650;52;598;;
EXTRA QUADRO;SERVIDOR COMISSIONADO;3799;246;3553;;
EXTRA QUADRO;SERVIDOR COMISSIONADO;11052;2242;8810;;
EXTRA QUADRO;SERVIDOR COMISSIONADO;7854;1362;6492;;
A DISPOSICAO COMISSIONADO;SERVIDOR CTTU DISP.CAMARA;1062;123;939;;
EXTRA QUADRO;SERVIDOR COMISSIONADO;3115;160;2955;;
A DISPOSICAO COMISSIONADO;SERVIDOR EMLURB DISP.CAMARA;867;52;815;;
A DISPOSICAO COMISSIONADO;SERVIDOR PCR DISP.CAMARA;650;0;650;;
ESTATUTARIOS;ASSISTEN ADMINIST. LEGISLATI;3245;0;3245;;
A DISPOSICAO COMISSIONADO;SERVIDOR PCR DISP.CAMARA;867;0;867;;
EXTRA QUADRO;SERVIDOR COMISSIONADO;10455;2078;8377;;
EXTRA QUADRO;SERVIDOR COMISSIONADO;8201;1458;6743;;
EXTRA QUADRO;SERVIDOR COMISSIONADO;6663;1018;5645;;
EXTRA QUADRO;SERVIDOR COMISSIONADO;3313;177;3136;;
EXTRA QUADRO;SERVIDOR COMISSIONADO;10912;2203;8708;;
ESTATUTARIOS;ENFERMEIRO;4345;10;4335;;
EXTRA QUADRO;SERVIDOR COMISSIONADO;8715;1547;7168;;
EXTRA QUADRO;SERVIDOR COMISSIONADO;3736;236;3500;;
EXTRA QUADRO;SERVIDOR COMISSIONADO;8071;1318;6753;;
A DISPOSICAO COMISSIONADO;SERVIDOR PCR DISP.CAMARA;867;0;867;;
EXTRA QUADRO;SERVIDOR COMISSIONADO;2673;106;2566;;
EXTRA QUADRO;SERVIDOR COMISSIONADO;10630;2126;8504;;
EXTRA QUADRO;SERVIDOR COMISSIONADO;3432;188;3244;;
A DISPOSICAO COMISSIONADO;SERVIDOR PCR DISP.CAMARA;894;0;894;;
EXTRA QUADRO;SERVIDOR COMISSIONADO;18084;4176;13908;;
EXTRA QUADRO;SERVIDOR COMISSIONADO;7168;1174;5994;;
EXTRA QUADRO;SERVIDOR COMISSIONADO;3638;220;3417;;
EXTRA QUADRO;SERVIDOR COMISSIONADO;5647;699;4948;;
EXTRA QUADRO;SERVIDOR COMISSIONADO;2355;76;2278;;
PENSAO ESPECIAL;PENSIONISTA ESPECIAL;2797;0;2797;;
EXTRA QUADRO;SERVIDOR COMISSIONADO;8484;1536;6948;;
EXTRA QUADRO;SERVIDOR COMISSIONADO;3979;274;3704;;
EXTRA QUADRO;SERVIDOR COMISSIONADO;4587;435;4151;;
EXTRA QUADRO;SERVIDOR COMISSIONADO;12023;2509;9514;;
EXTRA QUADRO;SERVIDOR COMISSIONADO;2673;106;2566;;
EXTRA QUADRO;SERVIDOR COMISSIONADO;6197;870;5327;;
EXTRA QUADRO;SERVIDOR COMISSIONADO;3469;191;3278;;
EXTRA QUADRO;SERVIDOR COMISSIONADO;3432;188;3244;;
ESTATUTARIOS;CONTADOR;9910;1080;8830;;
EXTRA QUADRO;SERVIDOR COMISSIONADO;4544;425;4120;;
EXTRA QUADRO;SERVIDOR COMISSIONADO;4003;264;3739;;
EXTRA QUADRO;SERVIDOR COMISSIONADO;3164;164;3000;;
EXTRA QUADRO;SERVIDOR COMISSIONADO;9212;1736;7476;;
EXTRA QUADRO;SERVIDOR COMISSIONADO;6178;864;5314;;
EXTRA QUADRO;SERVIDOR COMISSIONADO;3432;188;3244;;
EXTRA QUADRO;SERVIDOR COMISSIONADO;19466;4556;14910;;
EXTRA QUADRO;SERVIDOR COMISSIONADO;9970;1944;8025;;
ESTATUTARIOS;ASSISTEN ADMINIST. LEGISLATI;3245;0;3245;;
EXTRA QUADRO;SERVIDOR COMISSIONADO;7798;1347;6451;;
EXTRA QUADRO;SERVIDOR COMISSIONADO;3432;188;3244;;
EXTRA QUADRO;SERVIDOR COMISSIONADO;10386;2059;8327;;
EXTRA QUADRO;SERVIDOR COMISSIONADO;4284;377;3907;;
ESTATUTARIOS;ASSISTENTE ADM LEGISLATIVO;5623;725;4898;;
A DISPOSICAO COMISSIONADO;SERVIDOR EDUC PCR DISP.CAMAR;894;0;894;;
EXTRA QUADRO;SERVIDOR COMISSIONADO;3432;188;3244;;
EXTRA QUADRO;SERVIDOR COMISSIONADO;4003;278;3725;;
EXTRA QUADRO;SERVIDOR COMISSIONADO;3692;229;3463;;
EXTRA QUADRO;SERVIDOR COMISSIONADO;7230;1191;6039;;
EXTRA QUADRO;SERVIDOR COMISSIONADO;3220;169;3051;;
EXTRA QUADRO;SERVIDOR COMISSIONADO;6366;880;5486;;
A DISPOSICAO COMISSIONADO;SERVIDOR PCR DISP.CAMARA;894;0;894;;
ESTATUTARIOS;ASSISTEN ADMINIST. LEGISLATI;3245;0;3245;;
EXTRA QUADRO;SERVIDOR COMISSIONADO;2673;106;2566;;
EXTRA QUADRO;SERVIDOR COMISSIONADO;5583;680;4903;;
EXTRA QUADRO;SERVIDOR COMISSIONADO;5045;547;4498;;
EXTRA QUADRO;SERVIDOR COMISSIONADO;11745;2328;9417;;
EXTRA QUADRO;SERVIDOR COMISSIONADO;8869;1642;7228;;
ESTATUTARIOS;ASSISTEN ADMINIST. LEGISLATI;3245;0;3245;;
EXTRA QUADRO;SERVIDOR COMISSIONADO;12716;2700;10017;;
EXTRA QUADRO;SERVIDOR COMISSIONADO;3421;187;3234;;
EXTRA QUADRO;SERVIDOR COMISSIONADO;8556;1555;7000;;
EXTRA QUADRO;SERVIDOR COMISSIONADO;10811;2176;8636;;
EXTRA QUADRO;SERVIDOR COMISSIONADO;6461;952;5509;;
A DISPOSICAO COMISSIONADO;SERVIDOR URB DISP.CAMARA;650;26;624;;
EXTRA QUADRO;SERVIDOR COMISSIONADO;2296;76;2220;;
A DISPOSICAO;SERVIDOR EMPREL DISP.CAMARA;0;0;0;;
EXTRA QUADRO;SERVIDOR COMISSIONADO;7230;1191;6039;;
A DISPOSICAO;SERVIDOR EMLURB DISP.CAMARA;0;0;0;;
EXTRA QUADRO;SERVIDOR COMISSIONADO;8929;1658;7271;;
EXTRA QUADRO;SERVIDOR COMISSIONADO;4463;409;4054;;
EXTRA QUADRO;SERVIDOR COMISSIONADO;8687;1591;7095;;
EXTRA QUADRO;SERVIDOR COMISSIONADO;8831;1631;7200;;
EXTRA QUADRO;SERVIDOR COMISSIONADO;6937;1009;5928;;
ESTATUTARIOS;PSICOLOGO;4161;74;4088;;
EXTRA QUADRO;SERVIDOR COMISSIONADO;6440;945;5494;;
ESTATUTARIOS;ASSISTENTE ADM LEGISLATIVO;5314;674;4640;;
EXTRA QUADRO;SERVIDOR COMISSIONADO;3432;188;3244;;
EXTRA QUADRO;SERVIDOR COMISSIONADO;3858;255;3603;;
EXTRA QUADRO;SERVIDOR COMISSIONADO;9415;1792;7623;;
A DISPOSICAO COMISSIONADO;SERVIDOR PCR DISP.CAMARA;650;0;650;;
ESTATUTARIOS;ASSISTEN ADMINIST. LEGISLATI;3029;0;3029;;
EXTRA QUADRO;SERVIDOR COMISSIONADO;11052;2242;8810;;
EXTRA QUADRO;SERVIDOR COMISSIONADO;8168;1397;6771;;
EXTRA QUADRO;SERVIDOR COMISSIONADO;11052;2242;8810;;
EXTRA QUADRO;SERVIDOR COMISSIONADO;11357;2326;9031;;
EXTRA QUADRO;SERVIDOR COMISSIONADO;10811;2176;8636;;
EXTRA QUADRO;SERVIDOR COMISSIONADO;3432;188;3244;;
EXTRA QUADRO;SERVIDOR COMISSIONADO;1862;0;1862;;
A DISPOSICAO COMISSIONADO;SERVIDOR PCR DISP.CAMARA;650;0;650;;
EXTRA QUADRO;SERVIDOR COMISSIONADO;14749;3258;11490;;
EXTRA QUADRO;SERVIDOR COMISSIONADO;10896;2199;8697;;
EXTRA QUADRO;SERVIDOR COMISSIONADO;10125;1987;8138;;
A DISPOSICAO;SERVIDOR EMLURB DISP.CAMARA;0;0;0;;
EXTRA QUADRO;SERVIDOR COMISSIONADO;13964;3043;10922;;
EXTRA QUADRO;SERVIDOR COMISSIONADO;13454;2902;10552;;
EXTRA QUADRO;SERVIDOR COMISSIONADO;7513;1269;6245;;
ESTATUTARIOS;AGENTE APOIO MANUTENCAO;2987;211;2777;;
EXTRA QUADRO;SERVIDOR COMISSIONADO;3392;184;3208;;
EXTRA QUADRO;SERVIDOR COMISSIONADO;6988;1020;5967;;
EXTRA QUADRO;SERVIDOR COMISSIONADO;9779;1892;7887;;
A DISPOSICAO;SERVIDOR EMLURB DISP.CAMARA;0;0;0;;
A DISPOSICAO COMISSIONADO;SERVIDOR PCR DISP.CAMARA;894;0;894;;
A DISPOSICAO COMISSIONADO;SERVIDOR PCR DISP.CAMARA;894;0;894;;
VEREADORES;VEREADOR;14635;2988;11647;;
EXTRA QUADRO;SERVIDOR COMISSIONADO;3432;188;3244;;
EXTRA QUADRO;SERVIDOR COMISSIONADO;7473;1258;6215;;
EXTRA QUADRO;SERVIDOR COMISSIONADO;5086;557;4529;;
A DISPOSICAO COMISSIONADO;SERVIDOR URB DISP.CAMARA;650;0;650;;
EXTRA QUADRO;SERVIDOR COMISSIONADO;3970;259;3712;;
EXTRA QUADRO;SERVIDOR COMISSIONADO;9439;1798;7641;;
EXTRA QUADRO;SERVIDOR COMISSIONADO;7925;1226;6700;;
EXTRA QUADRO;SERVIDOR COMISSIONADO;13236;2843;10394;;
EXTRA QUADRO;SERVIDOR COMISSIONADO;3432;188;3244;;
EXTRA QUADRO;SERVIDOR COMISSIONADO;5741;728;5012;;
ESTATUTARIOS;ASSISTEN ADMINIST. LEGISLATI;4462;461;4001;;
EXTRA QUADRO;SERVIDOR COMISSIONADO;7085;1151;5934;;
EXTRA QUADRO;SERVIDOR COMISSIONADO;3432;188;3244;;
EXTRA QUADRO;SERVIDOR COMISSIONADO;3432;188;3244;;
EXTRA QUADRO;SERVIDOR COMISSIONADO;9692;1868;7824;;
EXTRA QUADRO;SERVIDOR COMISSIONADO;6099;797;5302;;
EXTRA QUADRO;SERVIDOR COMISSIONADO;2673;106;2566;;
EXTRA QUADRO;SERVIDOR COMISSIONADO;6517;969;5548;;
